client_id,derniere_commande,frequence,montant_total,premiere_commande,panier_moyen,nb_categories,recence_jours,duree_vie_jours,score_R,score_F,score_M,score_rfm,segment
CLIENT-1001,2023-11-09,1,12.0,2023-11-09,12.0,1,52,0,4,1,1,6,Nouveau
CLIENT-1002,2023-10-09,2,140.6,2023-03-12,70.3,2,83,211,3,3,3,9,Fidèle
CLIENT-1005,2023-05-18,1,1116.0,2023-05-18,1116.0,1,227,0,2,1,4,7,Occasionnel
CLIENT-1011,2023-12-08,1,45.0,2023-12-08,45.0,1,23,0,4,1,2,7,Nouveau
CLIENT-1013,2023-11-19,1,912.0,2023-11-19,912.0,1,42,0,4,1,4,9,Nouveau
CLIENT-1015,2023-10-31,1,52.0,2023-10-31,52.0,1,61,0,4,1,2,7,Nouveau
CLIENT-1017,2023-07-09,2,121.8,2023-05-26,60.9,2,175,44,2,3,3,8,Fidèle
CLIENT-1019,2023-04-09,1,12.0,2023-04-09,12.0,1,266,0,1,1,1,3,Inactif
CLIENT-1021,2023-07-22,2,388.0,2023-02-23,194.0,2,162,149,2,3,4,9,Fidèle
CLIENT-1022,2023-01-11,1,8.0,2023-01-11,8.0,1,354,0,1,1,1,3,Inactif
CLIENT-1025,2023-04-30,1,266.0,2023-04-30,266.0,1,245,0,2,1,3,6,Occasionnel
CLIENT-1026,2023-12-26,2,139.0,2023-02-20,69.5,1,5,309,4,3,3,10,VIP
CLIENT-1029,2023-07-21,2,43.5,2023-04-07,21.75,2,163,105,2,3,2,7,À risque
CLIENT-1032,2023-07-24,1,589.0,2023-07-24,589.0,1,160,0,2,1,4,7,Occasionnel
CLIENT-1033,2023-06-26,1,85.0,2023-06-26,85.0,1,188,0,2,1,2,5,Occasionnel
CLIENT-1034,2023-12-20,3,105.5,2023-04-11,35.166666666666664,2,11,253,4,4,3,11,VIP
CLIENT-1035,2023-10-28,1,60.0,2023-10-28,60.0,1,64,0,4,1,2,7,Nouveau
CLIENT-1036,2023-08-31,2,475.0,2023-07-27,237.5,2,122,35,3,3,4,10,VIP
CLIENT-1040,2023-07-19,1,75.0,2023-07-19,75.0,1,165,0,2,1,2,5,Occasionnel
CLIENT-1042,2023-08-15,1,85.0,2023-08-15,85.0,1,138,0,3,1,2,6,Nouveau
CLIENT-1043,2023-06-25,1,7.6,2023-06-25,7.6,1,189,0,2,1,1,4,Occasionnel
CLIENT-1045,2023-11-16,2,818.0,2023-07-04,409.0,1,45,135,4,3,4,11,VIP
CLIENT-1046,2023-03-06,2,568.8,2023-02-14,284.4,2,300,20,1,3,4,8,Fidèle
CLIENT-1047,2023-03-25,2,466.5,2023-01-03,233.25,2,281,81,1,3,4,8,Fidèle
CLIENT-1048,2023-07-29,2,178.8,2023-06-30,89.4,2,155,29,2,3,3,8,Fidèle
CLIENT-1049,2023-09-30,1,20.9,2023-09-30,20.9,1,92,0,3,1,1,5,Nouveau
CLIENT-1051,2023-01-14,1,38.0,2023-01-14,38.0,1,351,0,1,1,2,4,Inactif
CLIENT-1052,2023-03-28,1,76.5,2023-03-28,76.5,1,278,0,1,1,2,4,Inactif
CLIENT-1053,2023-11-03,1,360.0,2023-11-03,360.0,1,58,0,4,1,3,8,Nouveau
CLIENT-1054,2023-11-10,1,1140.0,2023-11-10,1140.0,1,51,0,4,1,4,9,Nouveau
CLIENT-1057,2023-06-04,2,1273.0,2023-02-14,636.5,1,210,110,2,3,4,9,Fidèle
CLIENT-1060,2023-12-31,1,722.0,2023-12-31,722.0,1,0,0,4,1,4,9,Nouveau
CLIENT-1064,2023-05-06,1,45.0,2023-05-06,45.0,1,239,0,2,1,2,5,Occasionnel
CLIENT-1071,2023-05-23,1,22.5,2023-05-23,22.5,1,222,0,2,1,1,4,Occasionnel
CLIENT-1072,2023-03-26,1,40.0,2023-03-26,40.0,1,280,0,1,1,2,4,Inactif
CLIENT-1077,2023-08-30,2,1868.0,2023-06-12,934.0,2,123,79,3,3,4,10,VIP
CLIENT-1078,2023-11-07,1,228.0,2023-11-07,228.0,1,54,0,4,1,3,8,Nouveau
CLIENT-1079,2023-11-04,1,45.0,2023-11-04,45.0,1,57,0,4,1,2,7,Nouveau
CLIENT-1080,2023-12-10,1,75.0,2023-12-10,75.0,1,21,0,4,1,2,7,Nouveau
CLIENT-1081,2023-10-29,1,18.0,2023-10-29,18.0,1,63,0,4,1,1,6,Nouveau
CLIENT-1083,2023-12-10,2,270.0,2023-11-22,135.0,2,21,18,4,3,3,10,VIP
CLIENT-1085,2023-10-26,1,120.0,2023-10-26,120.0,1,66,0,4,1,3,8,Nouveau
CLIENT-1088,2023-11-03,2,425.0,2023-04-24,212.5,1,58,193,4,3,4,11,VIP
CLIENT-1089,2023-10-04,3,854.6,2023-02-16,284.8666666666667,3,88,230,3,4,4,11,VIP
CLIENT-1090,2023-10-18,2,456.0,2023-04-16,228.0,2,74,185,3,3,4,10,VIP
CLIENT-1091,2023-05-30,1,40.0,2023-05-30,40.0,1,215,0,2,1,2,5,Occasionnel
CLIENT-1093,2023-12-28,1,13.5,2023-12-28,13.5,1,3,0,4,1,1,6,Nouveau
CLIENT-1094,2023-10-30,3,558.6,2023-04-13,186.20000000000002,3,62,200,4,4,4,12,VIP
CLIENT-1097,2023-09-27,2,788.5,2023-07-07,394.25,2,95,82,3,3,4,10,VIP
CLIENT-1098,2023-06-24,1,450.0,2023-06-24,450.0,1,190,0,2,1,4,7,Occasionnel
CLIENT-1099,2023-09-09,1,120.0,2023-09-09,120.0,1,113,0,3,1,3,7,Nouveau
CLIENT-1102,2023-05-02,2,355.0,2023-01-24,177.5,1,243,98,2,3,3,8,Fidèle
CLIENT-1104,2023-12-26,1,756.0,2023-12-26,756.0,1,5,0,4,1,4,9,Nouveau
CLIENT-1105,2023-10-08,2,802.0,2023-01-18,401.0,2,84,263,3,3,4,10,VIP
CLIENT-1106,2023-06-25,1,15.3,2023-06-25,15.3,1,189,0,2,1,1,4,Occasionnel
CLIENT-1109,2023-02-11,1,118.75,2023-02-11,118.75,1,323,0,1,1,3,5,Inactif
CLIENT-1116,2023-09-19,1,160.0,2023-09-19,160.0,1,103,0,3,1,3,7,Nouveau
CLIENT-1118,2023-11-05,1,620.0,2023-11-05,620.0,1,56,0,4,1,4,9,Nouveau
CLIENT-1119,2023-07-13,1,24.0,2023-07-13,24.0,1,171,0,2,1,1,4,Occasionnel
CLIENT-1120,2023-04-24,1,42.5,2023-04-24,42.5,1,251,0,1,1,2,4,Inactif
CLIENT-1125,2023-01-28,1,17.1,2023-01-28,17.1,1,337,0,1,1,1,3,Inactif
CLIENT-1126,2023-09-27,1,55.0,2023-09-27,55.0,1,95,0,3,1,2,6,Nouveau
CLIENT-1127,2023-05-01,3,909.25,2023-01-13,303.0833333333333,3,244,108,2,4,4,10,VIP
CLIENT-1128,2023-09-18,1,55.0,2023-09-18,55.0,1,104,0,3,1,2,6,Nouveau
CLIENT-1129,2023-05-28,2,85.1,2023-02-11,42.55,2,217,106,2,3,2,7,À risque
CLIENT-1132,2023-08-03,1,123.5,2023-08-03,123.5,1,150,0,2,1,3,6,Occasionnel
CLIENT-1134,2023-09-30,1,110.0,2023-09-30,110.0,1,92,0,3,1,3,7,Nouveau
CLIENT-1135,2023-05-09,1,22.5,2023-05-09,22.5,1,236,0,2,1,1,4,Occasionnel
CLIENT-1139,2023-08-24,1,80.75,2023-08-24,80.75,1,129,0,3,1,2,6,Nouveau
CLIENT-1141,2023-11-06,1,40.0,2023-11-06,40.0,1,55,0,4,1,2,7,Nouveau
CLIENT-1142,2023-09-21,1,558.0,2023-09-21,558.0,1,101,0,3,1,4,8,Nouveau
CLIENT-1145,2023-09-07,2,25.5,2023-08-28,12.75,1,115,10,3,3,1,7,Occasionnel
CLIENT-1147,2023-09-09,1,144.5,2023-09-09,144.5,1,113,0,3,1,3,7,Nouveau
CLIENT-1148,2023-11-22,1,15.0,2023-11-22,15.0,1,39,0,4,1,1,6,Nouveau
CLIENT-1152,2023-02-13,1,117.0,2023-02-13,117.0,1,321,0,1,1,3,5,Inactif
CLIENT-1153,2023-05-29,1,38.0,2023-05-29,38.0,1,216,0,2,1,2,5,Occasionnel
CLIENT-1157,2023-09-01,2,288.5,2023-04-27,144.25,2,121,127,3,3,3,9,Fidèle
CLIENT-1158,2023-12-02,1,589.0,2023-12-02,589.0,1,29,0,4,1,4,9,Nouveau
CLIENT-1159,2023-10-08,1,123.5,2023-10-08,123.5,1,84,0,3,1,3,7,Nouveau
CLIENT-1160,2023-04-27,1,45.0,2023-04-27,45.0,1,248,0,2,1,2,5,Occasionnel
CLIENT-1161,2023-12-02,1,13.5,2023-12-02,13.5,1,29,0,4,1,1,6,Nouveau
CLIENT-1165,2023-12-23,1,45.0,2023-12-23,45.0,1,8,0,4,1,2,7,Nouveau
CLIENT-1167,2023-10-13,2,208.25,2023-06-07,104.125,2,79,128,3,3,3,9,Fidèle
CLIENT-1168,2023-02-08,1,12.75,2023-02-08,12.75,1,326,0,1,1,1,3,Inactif
CLIENT-1171,2023-02-04,1,36.0,2023-02-04,36.0,1,330,0,1,1,1,3,Inactif
CLIENT-1173,2023-02-05,2,42.7,2023-01-29,21.35,1,329,7,1,3,2,6,À risque
CLIENT-1175,2023-12-22,2,135.5,2023-05-13,67.75,2,9,223,4,3,3,10,VIP
CLIENT-1176,2023-05-15,1,18.0,2023-05-15,18.0,1,230,0,2,1,1,4,Occasionnel
CLIENT-1177,2023-05-15,1,351.0,2023-05-15,351.0,1,230,0,2,1,3,6,Occasionnel
CLIENT-1180,2023-11-10,1,45.0,2023-11-10,45.0,1,51,0,4,1,2,7,Nouveau
CLIENT-1185,2023-10-23,1,85.5,2023-10-23,85.5,1,69,0,3,1,2,6,Nouveau
CLIENT-1187,2023-07-12,3,295.5,2023-03-22,98.5,3,172,112,2,4,3,9,Fidèle
CLIENT-1188,2023-05-02,3,238.5,2023-01-21,79.5,3,243,101,2,4,3,9,Fidèle
CLIENT-1189,2023-12-22,1,480.0,2023-12-22,480.0,1,9,0,4,1,4,9,Nouveau
CLIENT-1192,2023-10-11,1,104.5,2023-10-11,104.5,1,81,0,3,1,3,7,Nouveau
CLIENT-1193,2023-11-10,1,27.0,2023-11-10,27.0,1,51,0,4,1,1,6,Nouveau
CLIENT-1195,2023-06-09,1,55.0,2023-06-09,55.0,1,205,0,2,1,2,5,Occasionnel
CLIENT-1196,2023-10-22,1,14.25,2023-10-22,14.25,1,70,0,3,1,1,5,Nouveau
CLIENT-1197,2023-09-05,1,18.0,2023-09-05,18.0,1,117,0,3,1,1,5,Nouveau
CLIENT-1203,2023-06-04,1,55.25,2023-06-04,55.25,1,210,0,2,1,2,5,Occasionnel
CLIENT-1205,2023-11-22,1,42.75,2023-11-22,42.75,1,39,0,4,1,2,7,Nouveau
CLIENT-1208,2023-11-26,2,66.0,2023-01-07,33.0,1,35,323,4,3,2,9,Occasionnel
CLIENT-1209,2023-10-01,1,6.8,2023-10-01,6.8,1,91,0,3,1,1,5,Nouveau
CLIENT-1211,2023-08-10,1,7.6,2023-08-10,7.6,1,143,0,3,1,1,5,Nouveau
CLIENT-1212,2023-06-24,1,646.0,2023-06-24,646.0,1,190,0,2,1,4,7,Occasionnel
CLIENT-1214,2023-07-05,1,18.0,2023-07-05,18.0,1,179,0,2,1,1,4,Occasionnel
CLIENT-1216,2023-12-14,2,85.19999999999999,2023-10-19,42.599999999999994,2,17,56,4,3,2,9,Occasionnel
CLIENT-1217,2023-08-22,2,282.0,2023-08-17,141.0,2,131,5,3,3,3,9,Fidèle
CLIENT-1219,2023-03-14,1,90.0,2023-03-14,90.0,1,292,0,1,1,2,4,Inactif
CLIENT-1221,2023-01-05,1,102.0,2023-01-05,102.0,1,360,0,1,1,2,4,Inactif
CLIENT-1222,2023-06-24,3,433.85,2023-05-09,144.61666666666667,3,190,46,2,4,4,10,VIP
CLIENT-1226,2023-12-22,1,85.0,2023-12-22,85.0,1,9,0,4,1,2,7,Nouveau
CLIENT-1227,2023-02-16,1,7.6,2023-02-16,7.6,1,318,0,1,1,1,3,Inactif
CLIENT-1229,2023-04-05,1,123.5,2023-04-05,123.5,1,270,0,1,1,3,5,Inactif
CLIENT-1230,2023-07-16,1,30.0,2023-07-16,30.0,1,168,0,2,1,1,4,Occasionnel
CLIENT-1232,2023-08-27,1,15.0,2023-08-27,15.0,1,126,0,3,1,1,5,Nouveau
CLIENT-1236,2023-03-18,1,10.8,2023-03-18,10.8,1,288,0,1,1,1,3,Inactif
CLIENT-1238,2023-04-19,1,21.6,2023-04-19,21.6,1,256,0,1,1,1,3,Inactif
CLIENT-1239,2023-10-25,1,65.0,2023-10-25,65.0,1,67,0,4,1,2,7,Nouveau
CLIENT-1240,2023-10-21,2,73.75,2023-03-24,36.875,1,71,211,3,3,2,8,Occasionnel
CLIENT-1241,2023-06-20,1,2356.0,2023-06-20,2356.0,1,194,0,2,1,4,7,Occasionnel
CLIENT-1244,2023-12-09,1,380.0,2023-12-09,380.0,1,22,0,4,1,3,8,Nouveau
CLIENT-1245,2023-05-31,2,425.8,2023-04-17,212.9,2,214,44,2,3,4,9,Fidèle
CLIENT-1246,2023-06-21,1,560.0,2023-06-21,560.0,1,193,0,2,1,4,7,Occasionnel
CLIENT-1247,2023-02-20,1,18.0,2023-02-20,18.0,1,314,0,1,1,1,3,Inactif
CLIENT-1250,2023-11-01,1,7.6,2023-11-01,7.6,1,60,0,4,1,1,6,Nouveau
CLIENT-1251,2023-07-25,2,29.1,2023-05-05,14.55,2,159,81,2,3,1,6,À risque
CLIENT-1252,2023-11-01,1,40.0,2023-11-01,40.0,1,60,0,4,1,2,7,Nouveau
CLIENT-1253,2023-07-14,1,36.0,2023-07-14,36.0,1,170,0,2,1,1,4,Occasionnel
CLIENT-1255,2023-08-06,1,112.5,2023-08-06,112.5,1,147,0,3,1,3,7,Nouveau
CLIENT-1256,2023-02-27,1,1116.0,2023-02-27,1116.0,1,307,0,1,1,4,6,Occasionnel
CLIENT-1258,2023-11-04,1,9.6,2023-11-04,9.6,1,57,0,4,1,1,6,Nouveau
CLIENT-1259,2023-04-01,1,13.5,2023-04-01,13.5,1,274,0,1,1,1,3,Inactif
CLIENT-1261,2023-07-17,1,28.5,2023-07-17,28.5,1,167,0,2,1,1,4,Occasionnel
CLIENT-1262,2023-12-17,2,312.0,2023-04-08,156.0,2,14,253,4,3,3,10,VIP
CLIENT-1263,2023-05-31,1,1860.0,2023-05-31,1860.0,1,214,0,2,1,4,7,Occasionnel
CLIENT-1266,2023-09-16,2,34.8,2023-06-23,17.4,1,106,85,3,3,1,7,Occasionnel
CLIENT-1267,2023-06-28,1,45.9,2023-06-28,45.9,1,186,0,2,1,2,5,Occasionnel
CLIENT-1268,2023-10-21,1,456.0,2023-10-21,456.0,1,71,0,3,1,4,8,Nouveau
CLIENT-1269,2023-11-02,1,41.8,2023-11-02,41.8,1,59,0,4,1,2,7,Nouveau
CLIENT-1270,2023-07-19,1,123.5,2023-07-19,123.5,1,165,0,2,1,3,6,Occasionnel
CLIENT-1271,2023-01-02,1,1350.0,2023-01-02,1350.0,1,363,0,1,1,4,6,Occasionnel
CLIENT-1274,2023-05-18,1,20.9,2023-05-18,20.9,1,227,0,2,1,1,4,Occasionnel
CLIENT-1275,2023-08-23,3,2130.0,2023-05-30,710.0,1,130,85,3,4,4,11,VIP
CLIENT-1280,2023-12-03,1,190.0,2023-12-03,190.0,1,28,0,4,1,3,8,Nouveau
CLIENT-1281,2023-07-02,1,25.0,2023-07-02,25.0,1,182,0,2,1,1,4,Occasionnel
CLIENT-1282,2023-04-18,1,42.75,2023-04-18,42.75,1,257,0,1,1,2,4,Inactif
CLIENT-1283,2023-02-25,1,55.0,2023-02-25,55.0,1,309,0,1,1,2,4,Inactif
CLIENT-1284,2023-07-02,1,130.0,2023-07-02,130.0,1,182,0,2,1,3,6,Occasionnel
CLIENT-1285,2023-01-20,1,72.25,2023-01-20,72.25,1,345,0,1,1,2,4,Inactif
CLIENT-1286,2023-09-27,1,22.5,2023-09-27,22.5,1,95,0,3,1,1,5,Nouveau
CLIENT-1290,2023-08-26,1,28.5,2023-08-26,28.5,1,127,0,3,1,1,5,Nouveau
CLIENT-1292,2023-11-13,3,702.0,2023-01-02,234.0,2,48,315,4,4,4,12,VIP
CLIENT-1295,2023-05-13,1,80.75,2023-05-13,80.75,1,232,0,2,1,2,5,Occasionnel
CLIENT-1297,2023-03-12,1,1147.5,2023-03-12,1147.5,1,294,0,1,1,4,6,Occasionnel
CLIENT-1298,2023-08-05,2,395.2,2023-03-30,197.6,2,148,128,3,3,4,10,VIP
CLIENT-1299,2023-12-27,1,20.9,2023-12-27,20.9,1,4,0,4,1,1,6,Nouveau
CLIENT-1300,2023-03-31,2,1280.0,2023-01-07,640.0,1,275,83,1,3,4,8,Fidèle
CLIENT-1301,2023-02-23,1,130.0,2023-02-23,130.0,1,311,0,1,1,3,5,Inactif
CLIENT-1303,2023-12-14,3,515.5,2023-01-30,171.83333333333334,3,17,318,4,4,4,12,VIP
CLIENT-1304,2023-06-24,2,243.0,2023-02-22,121.5,2,190,122,2,3,3,8,Fidèle
CLIENT-1305,2023-03-29,1,25.0,2023-03-29,25.0,1,277,0,1,1,1,3,Inactif
CLIENT-1311,2023-10-16,2,21.45,2023-01-14,10.725,2,76,275,3,3,1,7,Occasionnel
CLIENT-1313,2023-12-16,1,34.0,2023-12-16,34.0,1,15,0,4,1,1,6,Nouveau
CLIENT-1315,2023-11-23,1,1350.0,2023-11-23,1350.0,1,38,0,4,1,4,9,Nouveau
CLIENT-1316,2023-11-21,1,240.0,2023-11-21,240.0,1,40,0,4,1,3,8,Nouveau
CLIENT-1317,2023-09-12,2,135.2,2023-06-22,67.6,2,110,82,3,3,3,9,Fidèle
CLIENT-1318,2023-09-14,1,45.0,2023-09-14,45.0,1,108,0,3,1,2,6,Nouveau
CLIENT-1319,2023-05-07,2,735.5,2023-02-15,367.75,2,238,81,2,3,4,9,Fidèle
CLIENT-1320,2023-06-30,1,114.0,2023-06-30,114.0,1,184,0,2,1,3,6,Occasionnel
CLIENT-1321,2023-02-22,1,104.5,2023-02-22,104.5,1,312,0,1,1,3,5,Inactif
CLIENT-1322,2023-09-23,1,14.4,2023-09-23,14.4,1,99,0,3,1,1,5,Nouveau
CLIENT-1323,2023-02-12,1,65.0,2023-02-12,65.0,1,322,0,1,1,2,4,Inactif
CLIENT-1324,2023-09-23,2,238.0,2023-02-03,119.0,2,99,232,3,3,3,9,Fidèle
CLIENT-1325,2023-09-01,1,23.75,2023-09-01,23.75,1,121,0,3,1,1,5,Nouveau
CLIENT-1326,2023-12-06,2,235.25,2023-07-11,117.625,2,25,148,4,3,3,10,VIP
CLIENT-1327,2023-04-19,2,131.5,2023-02-05,65.75,2,256,73,1,3,3,7,Fidèle
CLIENT-1330,2023-01-26,1,16.0,2023-01-26,16.0,1,339,0,1,1,1,3,Inactif
CLIENT-1335,2023-03-15,1,45.0,2023-03-15,45.0,1,291,0,1,1,2,4,Inactif
CLIENT-1338,2023-09-21,1,255.0,2023-09-21,255.0,1,101,0,3,1,3,7,Nouveau
CLIENT-1339,2023-10-11,1,620.0,2023-10-11,620.0,1,81,0,3,1,4,8,Nouveau
CLIENT-1340,2023-10-29,2,278.0,2023-07-08,139.0,2,63,113,4,3,3,10,VIP
CLIENT-1342,2023-12-15,1,81.0,2023-12-15,81.0,1,16,0,4,1,2,7,Nouveau
CLIENT-1344,2023-03-09,1,135.0,2023-03-09,135.0,1,297,0,1,1,3,5,Inactif
CLIENT-1345,2023-01-31,1,1215.0,2023-01-31,1215.0,1,334,0,1,1,4,6,Occasionnel
CLIENT-1347,2023-11-17,3,152.5,2023-02-01,50.833333333333336,2,44,289,4,4,3,11,VIP
CLIENT-1348,2023-12-16,3,131.0,2023-06-19,43.666666666666664,3,15,180,4,4,3,11,VIP
CLIENT-1349,2023-06-14,1,361.0,2023-06-14,361.0,1,200,0,2,1,3,6,Occasionnel
CLIENT-1356,2023-07-13,1,15.0,2023-07-13,15.0,1,171,0,2,1,1,4,Occasionnel
CLIENT-1357,2023-05-19,1,15.3,2023-05-19,15.3,1,226,0,2,1,1,4,Occasionnel
CLIENT-1360,2023-05-15,2,122.4,2023-03-21,61.2,2,230,55,2,3,3,8,Fidèle
CLIENT-1364,2023-07-10,1,14.4,2023-07-10,14.4,1,174,0,2,1,1,4,Occasionnel
CLIENT-1365,2023-12-28,2,425.0,2023-05-14,212.5,1,3,228,4,3,4,11,VIP
CLIENT-1369,2023-01-31,1,48.0,2023-01-31,48.0,1,334,0,1,1,2,4,Inactif
CLIENT-1371,2023-10-07,2,611.0,2023-05-17,305.5,2,85,143,3,3,4,10,VIP
CLIENT-1372,2023-07-25,1,61.75,2023-07-25,61.75,1,159,0,2,1,2,5,Occasionnel
CLIENT-1374,2023-07-05,1,45.0,2023-07-05,45.0,1,179,0,2,1,2,5,Occasionnel
CLIENT-1376,2023-08-12,1,45.0,2023-08-12,45.0,1,141,0,3,1,2,6,Nouveau
CLIENT-1381,2023-01-27,1,13.5,2023-01-27,13.5,1,338,0,1,1,1,3,Inactif
CLIENT-1382,2023-12-12,2,362.1,2023-03-03,181.05,2,19,284,4,3,3,10,VIP
CLIENT-1384,2023-09-13,1,450.0,2023-09-13,450.0,1,109,0,3,1,4,8,Nouveau
CLIENT-1385,2023-11-14,1,81.0,2023-11-14,81.0,1,47,0,4,1,2,7,Nouveau
CLIENT-1389,2023-01-27,1,1860.0,2023-01-27,1860.0,1,338,0,1,1,4,6,Occasionnel
CLIENT-1390,2023-03-01,2,845.5,2023-02-21,422.75,2,305,8,1,3,4,8,Fidèle
CLIENT-1391,2023-04-13,1,18.0,2023-04-13,18.0,1,262,0,1,1,1,3,Inactif
CLIENT-1394,2023-10-09,2,258.5,2023-04-12,129.25,1,83,180,3,3,3,9,Fidèle
CLIENT-1397,2023-09-28,1,90.0,2023-09-28,90.0,1,94,0,3,1,2,6,Nouveau
CLIENT-1402,2023-12-26,2,90.0,2023-12-15,45.0,2,5,11,4,3,2,9,Occasionnel
CLIENT-1403,2023-11-28,1,25.0,2023-11-28,25.0,1,33,0,4,1,1,6,Nouveau
CLIENT-1405,2023-05-26,1,80.75,2023-05-26,80.75,1,219,0,2,1,2,5,Occasionnel
CLIENT-1406,2023-08-08,1,442.0,2023-08-08,442.0,1,145,0,3,1,4,8,Nouveau
CLIENT-1407,2023-04-24,1,57.0,2023-04-24,57.0,1,251,0,1,1,2,4,Inactif
CLIENT-1408,2023-09-10,1,25.0,2023-09-10,25.0,1,112,0,3,1,1,5,Nouveau
CLIENT-1409,2023-05-14,1,180.0,2023-05-14,180.0,1,231,0,2,1,3,6,Occasionnel
CLIENT-1411,2023-12-06,1,62.7,2023-12-06,62.7,1,25,0,4,1,2,7,Nouveau
CLIENT-1413,2023-03-16,1,114.0,2023-03-16,114.0,1,290,0,1,1,3,5,Inactif
CLIENT-1417,2023-07-16,1,15.3,2023-07-16,15.3,1,168,0,2,1,1,4,Occasionnel
CLIENT-1420,2023-12-11,2,423.0,2023-01-16,211.5,1,20,329,4,3,4,11,VIP
CLIENT-1421,2023-05-04,2,1370.0,2023-03-06,685.0,1,241,59,2,3,4,9,Fidèle
CLIENT-1422,2023-04-04,1,23.75,2023-04-04,23.75,1,271,0,1,1,1,3,Inactif
CLIENT-1425,2023-04-14,1,304.0,2023-04-14,304.0,1,261,0,1,1,3,5,Inactif
CLIENT-1428,2023-03-14,1,450.0,2023-03-14,450.0,1,292,0,1,1,4,6,Occasionnel
CLIENT-1429,2023-10-18,2,52.2,2023-06-27,26.1,1,74,113,3,3,2,8,Occasionnel
CLIENT-1434,2023-06-08,1,17.1,2023-06-08,17.1,1,206,0,2,1,1,4,Occasionnel
CLIENT-1435,2023-11-12,1,1178.0,2023-11-12,1178.0,1,49,0,4,1,4,9,Nouveau
CLIENT-1437,2023-06-02,1,48.0,2023-06-02,48.0,1,212,0,2,1,2,5,Occasionnel
CLIENT-1438,2023-04-19,1,25.0,2023-04-19,25.0,1,256,0,1,1,1,3,Inactif
CLIENT-1439,2023-02-14,1,427.5,2023-02-14,427.5,1,320,0,1,1,4,6,Occasionnel
CLIENT-1440,2023-11-20,1,30.0,2023-11-20,30.0,1,41,0,4,1,1,6,Nouveau
CLIENT-1442,2023-03-19,1,30.0,2023-03-19,30.0,1,287,0,1,1,1,3,Inactif
CLIENT-1444,2023-01-09,1,520.0,2023-01-09,520.0,1,356,0,1,1,4,6,Occasionnel
CLIENT-1447,2023-02-25,1,25.5,2023-02-25,25.5,1,309,0,1,1,1,3,Inactif
CLIENT-1449,2023-12-10,1,110.5,2023-12-10,110.5,1,21,0,4,1,3,8,Nouveau
CLIENT-1450,2023-11-24,1,18.0,2023-11-24,18.0,1,37,0,4,1,1,6,Nouveau
CLIENT-1452,2023-06-16,1,992.0,2023-06-16,992.0,1,198,0,2,1,4,7,Occasionnel
CLIENT-1453,2023-09-25,2,41.2,2023-08-15,20.6,2,97,41,3,3,2,8,Occasionnel
CLIENT-1457,2023-09-28,1,1178.0,2023-09-28,1178.0,1,94,0,3,1,4,8,Nouveau
CLIENT-1458,2023-11-12,2,48.0,2023-06-11,24.0,1,49,154,4,3,2,9,Occasionnel
CLIENT-1460,2023-10-09,3,86.0,2023-03-16,28.666666666666668,3,83,207,3,4,2,9,Occasionnel
CLIENT-1461,2023-11-08,1,36.0,2023-11-08,36.0,1,53,0,4,1,1,6,Nouveau
CLIENT-1462,2023-06-02,3,185.25,2023-02-17,61.75,3,212,105,2,4,3,9,Fidèle
CLIENT-1465,2023-09-12,1,10.2,2023-09-12,10.2,1,110,0,3,1,1,5,Nouveau
CLIENT-1466,2023-05-24,1,40.5,2023-05-24,40.5,1,221,0,2,1,2,5,Occasionnel
CLIENT-1468,2023-10-24,2,75.0,2023-05-03,37.5,2,68,174,3,3,2,8,Occasionnel
CLIENT-1470,2023-12-30,1,71.25,2023-12-30,71.25,1,1,0,4,1,2,7,Nouveau
CLIENT-1474,2023-09-08,2,954.0,2023-03-24,477.0,2,114,168,3,3,4,10,VIP
CLIENT-1475,2023-07-27,1,60.0,2023-07-27,60.0,1,157,0,2,1,2,5,Occasionnel
CLIENT-1477,2023-06-11,1,380.0,2023-06-11,380.0,1,203,0,2,1,3,6,Occasionnel
CLIENT-1480,2023-09-14,3,395.0,2023-07-17,131.66666666666666,3,108,59,3,4,4,11,VIP
CLIENT-1482,2023-11-30,3,125.6,2023-03-20,41.86666666666667,3,31,255,4,4,3,11,VIP
CLIENT-1483,2023-04-30,1,12.0,2023-04-30,12.0,1,245,0,2,1,1,4,Occasionnel
CLIENT-1484,2023-04-05,1,45.0,2023-04-05,45.0,1,270,0,1,1,2,4,Inactif
CLIENT-1485,2023-05-25,1,40.0,2023-05-25,40.0,1,220,0,2,1,2,5,Occasionnel
CLIENT-1487,2023-12-30,1,6.8,2023-12-30,6.8,1,1,0,4,1,1,6,Nouveau
CLIENT-1488,2023-11-08,3,424.0,2023-05-27,141.33333333333334,2,53,165,4,4,4,12,VIP
CLIENT-1490,2023-03-21,1,25.0,2023-03-21,25.0,1,285,0,1,1,1,3,Inactif
CLIENT-1491,2023-03-09,1,65.0,2023-03-09,65.0,1,297,0,1,1,2,4,Inactif
CLIENT-1492,2023-12-26,1,130.0,2023-12-26,130.0,1,5,0,4,1,3,8,Nouveau
CLIENT-1495,2023-06-18,2,98.7,2023-01-14,49.35,1,196,155,2,3,2,7,À risque
CLIENT-1497,2023-02-07,1,22.8,2023-02-07,22.8,1,327,0,1,1,1,3,Inactif
CLIENT-1499,2023-10-31,2,59.0,2023-04-29,29.5,2,61,185,4,3,2,9,Occasionnel
CLIENT-1500,2023-04-17,1,34.2,2023-04-17,34.2,1,258,0,1,1,1,3,Inactif
CLIENT-1504,2023-12-21,2,77.5,2023-07-13,38.75,1,10,161,4,3,2,9,Occasionnel
CLIENT-1506,2023-06-07,1,63.75,2023-06-07,63.75,1,207,0,2,1,2,5,Occasionnel
CLIENT-1507,2023-05-25,1,1116.0,2023-05-25,1116.0,1,220,0,2,1,4,7,Occasionnel
CLIENT-1508,2023-07-06,1,23.75,2023-07-06,23.75,1,178,0,2,1,1,4,Occasionnel
CLIENT-1510,2023-12-08,3,89.95,2023-02-02,29.983333333333334,2,23,309,4,4,2,10,VIP
CLIENT-1512,2023-08-02,1,360.0,2023-08-02,360.0,1,151,0,2,1,3,6,Occasionnel
CLIENT-1513,2023-09-03,1,342.0,2023-09-03,342.0,1,119,0,3,1,3,7,Nouveau
CLIENT-1516,2023-09-06,3,324.0,2023-06-16,108.0,2,116,82,3,4,3,10,VIP
CLIENT-1517,2023-07-14,2,328.0,2023-02-06,164.0,2,170,158,2,3,3,8,Fidèle
CLIENT-1522,2023-06-25,1,1767.0,2023-06-25,1767.0,1,189,0,2,1,4,7,Occasionnel
CLIENT-1524,2023-03-20,1,15.0,2023-03-20,15.0,1,286,0,1,1,1,3,Inactif
CLIENT-1525,2023-07-01,1,85.0,2023-07-01,85.0,1,183,0,2,1,2,5,Occasionnel
CLIENT-1527,2023-03-10,1,427.5,2023-03-10,427.5,1,296,0,1,1,4,6,Occasionnel
CLIENT-1530,2023-11-03,1,85.0,2023-11-03,85.0,1,58,0,4,1,2,7,Nouveau
CLIENT-1534,2023-08-10,2,92.7,2023-05-13,46.35,2,143,89,3,3,2,8,Occasionnel
CLIENT-1536,2023-02-01,1,15.0,2023-02-01,15.0,1,333,0,1,1,1,3,Inactif
CLIENT-1537,2023-08-04,2,440.0,2023-03-22,220.0,2,149,135,2,3,4,9,Fidèle
CLIENT-1538,2023-01-23,1,120.0,2023-01-23,120.0,1,342,0,1,1,3,5,Inactif
CLIENT-1539,2023-09-16,2,88.25,2023-01-25,44.125,2,106,234,3,3,2,8,Occasionnel
CLIENT-1540,2023-11-06,2,137.9,2023-05-19,68.95,2,55,171,4,3,3,10,VIP
CLIENT-1541,2023-11-23,1,45.0,2023-11-23,45.0,1,38,0,4,1,2,7,Nouveau
CLIENT-1543,2023-03-02,1,1860.0,2023-03-02,1860.0,1,304,0,1,1,4,6,Occasionnel
CLIENT-1544,2023-07-06,1,24.0,2023-07-06,24.0,1,178,0,2,1,1,4,Occasionnel
CLIENT-1545,2023-08-26,2,76.0,2023-03-04,38.0,2,127,175,3,3,2,8,Occasionnel
CLIENT-1546,2023-12-10,3,102.2,2023-07-22,34.06666666666667,3,21,141,4,4,3,11,VIP
CLIENT-1547,2023-07-31,2,50.0,2023-07-23,25.0,2,153,8,2,3,2,7,À risque
CLIENT-1548,2023-03-22,1,20.9,2023-03-22,20.9,1,284,0,1,1,1,3,Inactif
CLIENT-1549,2023-12-19,1,165.0,2023-12-19,165.0,1,12,0,4,1,3,8,Nouveau
CLIENT-1551,2023-05-28,2,80.0,2023-04-18,40.0,1,217,40,2,3,2,7,À risque
CLIENT-1554,2023-02-16,1,25.0,2023-02-16,25.0,1,318,0,1,1,1,3,Inactif
CLIENT-1558,2023-04-01,1,23.75,2023-04-01,23.75,1,274,0,1,1,1,3,Inactif
CLIENT-1560,2023-01-23,1,85.5,2023-01-23,85.5,1,342,0,1,1,2,4,Inactif
CLIENT-1561,2023-11-16,3,103.0,2023-02-10,34.333333333333336,2,45,279,4,4,3,11,VIP
CLIENT-1562,2023-05-14,1,118.75,2023-05-14,118.75,1,231,0,2,1,3,6,Occasionnel
CLIENT-1564,2023-08-15,1,8.0,2023-08-15,8.0,1,138,0,3,1,1,5,Nouveau
CLIENT-1566,2023-07-31,3,394.5,2023-02-02,131.5,2,153,179,2,4,4,10,VIP
CLIENT-1568,2023-07-12,1,28.5,2023-07-12,28.5,1,172,0,2,1,1,4,Occasionnel
CLIENT-1569,2023-04-05,1,360.0,2023-04-05,360.0,1,270,0,1,1,3,5,Inactif
CLIENT-1570,2023-11-18,2,790.0,2023-03-01,395.0,2,43,262,4,3,4,11,VIP
CLIENT-1571,2023-01-01,1,36.0,2023-01-01,36.0,1,364,0,1,1,1,3,Inactif
CLIENT-1572,2023-07-23,2,772.0,2023-03-09,386.0,2,161,136,2,3,4,9,Fidèle
CLIENT-1573,2023-08-24,1,76.5,2023-08-24,76.5,1,129,0,3,1,2,6,Nouveau
CLIENT-1574,2023-02-28,1,24.0,2023-02-28,24.0,1,306,0,1,1,1,3,Inactif
CLIENT-1578,2023-05-14,2,83.0,2023-04-23,41.5,2,231,21,2,3,2,7,À risque
CLIENT-1580,2023-08-19,2,433.5,2023-02-26,216.75,2,134,174,3,3,4,10,VIP
CLIENT-1581,2023-08-30,1,16.2,2023-08-30,16.2,1,123,0,3,1,1,5,Nouveau
CLIENT-1583,2023-03-08,1,44.0,2023-03-08,44.0,1,298,0,1,1,2,4,Inactif
CLIENT-1584,2023-10-09,2,420.5,2023-07-03,210.25,1,83,98,3,3,4,10,VIP
CLIENT-1593,2023-04-13,1,25.0,2023-04-13,25.0,1,262,0,1,1,1,3,Inactif
CLIENT-1594,2023-04-25,1,46.75,2023-04-25,46.75,1,250,0,1,1,2,4,Inactif
CLIENT-1595,2023-11-16,2,67.5,2023-05-21,33.75,2,45,179,4,3,2,9,Occasionnel
CLIENT-1597,2023-02-19,1,50.0,2023-02-19,50.0,1,315,0,1,1,2,4,Inactif
CLIENT-1600,2023-12-30,3,559.0,2023-08-19,186.33333333333334,1,1,133,4,4,4,12,VIP
CLIENT-1601,2023-06-15,1,114.0,2023-06-15,114.0,1,199,0,2,1,3,6,Occasionnel
CLIENT-1602,2023-12-08,2,472.5,2023-11-24,236.25,2,23,14,4,3,4,11,VIP
CLIENT-1603,2023-12-25,1,15.0,2023-12-25,15.0,1,6,0,4,1,1,6,Nouveau
CLIENT-1604,2023-08-07,2,94.0,2023-04-23,47.0,2,146,106,3,3,2,8,Occasionnel
CLIENT-1605,2023-12-15,3,823.5,2023-03-16,274.5,2,16,274,4,4,4,12,VIP
CLIENT-1606,2023-05-19,1,25.0,2023-05-19,25.0,1,226,0,2,1,1,4,Occasionnel
CLIENT-1608,2023-07-16,2,261.25,2023-06-28,130.625,2,168,18,2,3,3,8,Fidèle
CLIENT-1609,2023-07-24,1,46.75,2023-07-24,46.75,1,160,0,2,1,2,5,Occasionnel
CLIENT-1611,2023-02-18,1,85.0,2023-02-18,85.0,1,316,0,1,1,2,4,Inactif
CLIENT-1614,2023-09-29,3,618.25,2023-04-28,206.08333333333334,2,93,154,3,4,4,11,VIP
CLIENT-1615,2023-08-03,1,76.5,2023-08-03,76.5,1,150,0,2,1,2,5,Occasionnel
CLIENT-1619,2023-06-13,2,822.0,2023-05-08,411.0,2,201,36,2,3,4,9,Fidèle
CLIENT-1620,2023-09-07,1,24.0,2023-09-07,24.0,1,115,0,3,1,1,5,Nouveau
CLIENT-1623,2023-10-05,2,135.0,2023-01-20,67.5,1,87,258,3,3,3,9,Fidèle
CLIENT-1624,2023-04-02,1,161.5,2023-04-02,161.5,1,273,0,1,1,3,5,Inactif
CLIENT-1625,2023-03-05,1,114.0,2023-03-05,114.0,1,301,0,1,1,3,5,Inactif
CLIENT-1627,2023-11-10,1,900.0,2023-11-10,900.0,1,51,0,4,1,4,9,Nouveau
CLIENT-1629,2023-07-01,1,25.5,2023-07-01,25.5,1,183,0,2,1,1,4,Occasionnel
CLIENT-1630,2023-11-28,1,27.0,2023-11-28,27.0,1,33,0,4,1,1,6,Nouveau
CLIENT-1632,2023-01-24,1,13.5,2023-01-24,13.5,1,341,0,1,1,1,3,Inactif
CLIENT-1633,2023-10-20,1,589.0,2023-10-20,589.0,1,72,0,3,1,4,8,Nouveau
CLIENT-1634,2023-02-01,1,304.0,2023-02-01,304.0,1,333,0,1,1,3,5,Inactif
CLIENT-1635,2023-06-09,1,2945.0,2023-06-09,2945.0,1,205,0,2,1,4,7,Occasionnel
CLIENT-1636,2023-07-20,1,20.9,2023-07-20,20.9,1,164,0,2,1,1,4,Occasionnel
CLIENT-1637,2023-11-27,1,560.0,2023-11-27,560.0,1,34,0,4,1,4,9,Nouveau
CLIENT-1640,2023-10-02,2,160.0,2023-05-29,80.0,2,90,126,3,3,3,9,Fidèle
CLIENT-1642,2023-11-05,2,157.0,2023-09-26,78.5,1,56,40,4,3,3,10,VIP
CLIENT-1644,2023-12-13,2,96.15,2023-11-17,48.075,2,18,26,4,3,2,9,Occasionnel
CLIENT-1646,2023-08-27,2,111.0,2023-01-07,55.5,2,126,232,3,3,3,9,Fidèle
CLIENT-1648,2023-08-10,1,12.0,2023-08-10,12.0,1,143,0,3,1,1,5,Nouveau
CLIENT-1649,2023-06-13,1,18.0,2023-06-13,18.0,1,201,0,2,1,1,4,Occasionnel
CLIENT-1651,2023-12-13,1,18.0,2023-12-13,18.0,1,18,0,4,1,1,6,Nouveau
CLIENT-1652,2023-07-15,1,760.0,2023-07-15,760.0,1,169,0,2,1,4,7,Occasionnel
CLIENT-1655,2023-06-16,2,1386.0,2023-01-03,693.0,2,198,164,2,3,4,9,Fidèle
CLIENT-1656,2023-08-02,1,900.0,2023-08-02,900.0,1,151,0,2,1,4,7,Occasionnel
CLIENT-1658,2023-08-07,3,155.25,2023-01-18,51.75,3,146,201,3,4,3,10,VIP
CLIENT-1659,2023-10-25,2,230.0,2023-03-29,115.0,1,67,210,4,3,3,10,VIP
CLIENT-1660,2023-10-19,2,83.0,2023-07-04,41.5,1,73,107,3,3,2,8,Occasionnel
CLIENT-1661,2023-09-26,2,115.6,2023-08-04,57.8,2,96,53,3,3,3,9,Fidèle
CLIENT-1662,2023-04-08,1,900.0,2023-04-08,900.0,1,267,0,1,1,4,6,Occasionnel
CLIENT-1663,2023-08-26,1,760.0,2023-08-26,760.0,1,127,0,3,1,4,8,Nouveau
CLIENT-1665,2023-11-28,2,95.2,2023-10-08,47.6,2,33,51,4,3,2,9,Occasionnel
CLIENT-1667,2023-06-17,3,58.75,2023-03-18,19.583333333333332,3,197,91,2,4,2,8,À risque
CLIENT-1669,2023-12-28,1,90.0,2023-12-28,90.0,1,3,0,4,1,2,7,Nouveau
CLIENT-1671,2023-04-28,1,18.0,2023-04-28,18.0,1,247,0,2,1,1,4,Occasionnel
CLIENT-1672,2023-11-11,4,894.25,2023-07-08,223.5625,3,50,126,4,4,4,12,VIP
CLIENT-1673,2023-02-26,1,1178.0,2023-02-26,1178.0,1,308,0,1,1,4,6,Occasionnel
CLIENT-1674,2023-11-12,1,83.6,2023-11-12,83.6,1,49,0,4,1,2,7,Nouveau
CLIENT-1675,2023-11-28,1,52.25,2023-11-28,52.25,1,33,0,4,1,2,7,Nouveau
CLIENT-1676,2023-11-29,1,44.0,2023-11-29,44.0,1,32,0,4,1,2,7,Nouveau
CLIENT-1678,2023-11-27,3,793.2,2023-06-19,264.40000000000003,3,34,161,4,4,4,12,VIP
CLIENT-1679,2023-11-25,2,648.5,2023-04-04,324.25,1,36,235,4,3,4,11,VIP
CLIENT-1681,2023-03-13,2,1636.2,2023-01-05,818.1,2,293,67,1,3,4,8,Fidèle
CLIENT-1685,2023-02-28,1,16.0,2023-02-28,16.0,1,306,0,1,1,1,3,Inactif
CLIENT-1687,2023-07-05,2,45.5,2023-03-13,22.75,2,179,114,2,3,2,7,À risque
CLIENT-1690,2023-02-08,1,14.25,2023-02-08,14.25,1,326,0,1,1,1,3,Inactif
CLIENT-1695,2023-10-25,3,254.0,2023-01-10,84.66666666666667,3,67,288,4,4,3,11,VIP
CLIENT-1696,2023-05-16,1,13.5,2023-05-16,13.5,1,229,0,2,1,1,4,Occasionnel
CLIENT-1699,2023-12-18,2,993.75,2023-08-18,496.875,2,13,122,4,3,4,11,VIP
CLIENT-1706,2023-11-16,3,766.5,2023-07-16,255.5,2,45,123,4,4,4,12,VIP
CLIENT-1707,2023-11-02,1,55.0,2023-11-02,55.0,1,59,0,4,1,2,7,Nouveau
CLIENT-1710,2023-11-20,1,55.0,2023-11-20,55.0,1,41,0,4,1,2,7,Nouveau
CLIENT-1711,2023-01-17,1,44.0,2023-01-17,44.0,1,348,0,1,1,2,4,Inactif
CLIENT-1712,2023-03-09,1,50.0,2023-03-09,50.0,1,297,0,1,1,2,4,Inactif
CLIENT-1720,2023-11-23,1,855.0,2023-11-23,855.0,1,38,0,4,1,4,9,Nouveau
CLIENT-1723,2023-11-14,1,380.0,2023-11-14,380.0,1,47,0,4,1,3,8,Nouveau
CLIENT-1724,2023-05-28,2,210.0,2023-03-21,105.0,2,217,68,2,4,3,9,Fidèle
CLIENT-1725,2023-04-14,1,209.0,2023-04-14,209.0,1,261,0,1,1,3,5,Inactif
CLIENT-1727,2023-11-29,1,325.0,2023-11-29,325.0,1,32,0,4,1,3,8,Nouveau
CLIENT-1730,2023-12-14,1,38.0,2023-12-14,38.0,1,17,0,4,1,2,7,Nouveau
CLIENT-1732,2023-04-20,1,247.0,2023-04-20,247.0,1,255,0,1,1,3,5,Inactif
CLIENT-1735,2023-06-30,2,148.5,2023-06-10,74.25,2,184,20,2,4,3,9,Fidèle
CLIENT-1736,2023-05-10,1,11.4,2023-05-10,11.4,1,235,0,2,1,1,4,Occasionnel
CLIENT-1737,2023-01-21,1,52.25,2023-01-21,52.25,1,344,0,1,1,2,4,Inactif
CLIENT-1738,2023-08-25,1,120.0,2023-08-25,120.0,1,128,0,3,1,3,7,Nouveau
CLIENT-1739,2023-12-30,2,67.5,2023-08-29,33.75,2,1,123,4,4,2,10,VIP
CLIENT-1742,2023-03-24,1,42.75,2023-03-24,42.75,1,282,0,1,1,2,4,Inactif
CLIENT-1744,2023-07-31,1,9.6,2023-07-31,9.6,1,153,0,2,1,1,4,Occasionnel
CLIENT-1745,2023-07-11,1,90.0,2023-07-11,90.0,1,173,0,2,1,2,5,Occasionnel
CLIENT-1746,2023-02-04,1,40.0,2023-02-04,40.0,1,330,0,1,1,2,4,Inactif
CLIENT-1747,2023-09-17,1,6.8,2023-09-17,6.8,1,105,0,3,1,1,5,Nouveau
CLIENT-1748,2023-09-30,1,10.8,2023-09-30,10.8,1,92,0,3,1,1,5,Nouveau
CLIENT-1751,2023-08-21,1,520.0,2023-08-21,520.0,1,132,0,3,1,4,8,Nouveau
CLIENT-1755,2023-10-20,1,360.0,2023-10-20,360.0,1,72,0,3,1,3,7,Nouveau
CLIENT-1756,2023-10-10,2,102.1,2023-08-23,51.05,2,82,48,3,4,3,10,VIP
CLIENT-1757,2023-03-15,1,38.0,2023-03-15,38.0,1,291,0,1,1,2,4,Inactif
CLIENT-1759,2023-11-16,2,100.0,2023-08-26,50.0,2,45,82,4,4,2,10,VIP
CLIENT-1760,2023-10-22,1,75.0,2023-10-22,75.0,1,70,0,3,1,2,6,Nouveau
CLIENT-1761,2023-11-22,1,135.0,2023-11-22,135.0,1,39,0,4,1,3,8,Nouveau
CLIENT-1762,2023-09-18,1,620.0,2023-09-18,620.0,1,104,0,3,1,4,8,Nouveau
CLIENT-1763,2023-10-10,1,520.0,2023-10-10,520.0,1,82,0,3,1,4,8,Nouveau
CLIENT-1764,2023-04-18,1,30.0,2023-04-18,30.0,1,257,0,1,1,1,3,Inactif
CLIENT-1765,2023-07-24,1,45.0,2023-07-24,45.0,1,160,0,2,1,2,5,Occasionnel
CLIENT-1768,2023-12-07,3,49.6,2023-03-27,16.533333333333335,2,24,255,4,4,2,10,VIP
CLIENT-1769,2023-07-01,1,18.0,2023-07-01,18.0,1,183,0,2,1,1,4,Occasionnel
CLIENT-1770,2023-11-05,2,503.5,2023-07-14,251.75,2,56,114,4,4,4,12,VIP
CLIENT-1771,2023-01-31,1,16.2,2023-01-31,16.2,1,334,0,1,1,1,3,Inactif
CLIENT-1775,2023-11-01,1,38.0,2023-11-01,38.0,1,60,0,4,1,2,7,Nouveau
CLIENT-1776,2023-05-12,1,7.6,2023-05-12,7.6,1,233,0,2,1,1,4,Occasionnel
CLIENT-1777,2023-01-06,1,30.0,2023-01-06,30.0,1,359,0,1,1,1,3,Inactif
CLIENT-1778,2023-04-10,2,144.5,2023-01-09,72.25,1,265,91,1,4,3,8,Fidèle
CLIENT-1779,2023-07-26,1,38.0,2023-07-26,38.0,1,158,0,2,1,2,5,Occasionnel
CLIENT-1780,2023-07-26,2,231.5,2023-06-05,115.75,2,158,51,2,4,3,9,Fidèle
CLIENT-1782,2023-10-27,4,301.4,2023-02-04,75.35,4,65,265,4,4,3,11,VIP
CLIENT-1784,2023-01-05,1,120.0,2023-01-05,120.0,1,360,0,1,1,3,5,Inactif
CLIENT-1785,2023-11-18,2,59.4,2023-07-11,29.7,2,43,130,4,4,2,10,VIP
CLIENT-1787,2023-11-29,3,802.4,2023-01-01,267.46666666666664,2,32,332,4,4,4,12,VIP
CLIENT-1788,2023-03-31,1,85.0,2023-03-31,85.0,1,275,0,1,1,2,4,Inactif
CLIENT-1789,2023-07-19,1,104.5,2023-07-19,104.5,1,165,0,2,1,3,6,Occasionnel
CLIENT-1790,2023-08-12,2,24.8,2023-06-22,12.4,1,141,51,3,4,1,8,Occasionnel
CLIENT-1792,2023-10-12,1,90.0,2023-10-12,90.0,1,80,0,3,1,2,6,Nouveau
CLIENT-1793,2023-08-19,3,514.2,2023-05-24,171.4,2,134,87,3,4,4,11,VIP
CLIENT-1795,2023-09-10,2,165.0,2023-05-16,82.5,2,112,117,3,4,3,10,VIP
CLIENT-1796,2023-12-24,3,529.2,2023-07-04,176.4,3,7,173,4,4,4,12,VIP
CLIENT-1797,2023-10-01,2,107.25,2023-08-02,53.625,2,91,60,3,4,3,10,VIP
CLIENT-1799,2023-07-13,1,50.0,2023-07-13,50.0,1,171,0,2,1,2,5,Occasionnel
CLIENT-1800,2023-06-26,2,500.0,2023-02-24,250.0,2,188,122,2,4,4,10,VIP
CLIENT-1803,2023-08-28,1,55.0,2023-08-28,55.0,1,125,0,3,1,2,6,Nouveau
CLIENT-1807,2023-01-09,1,30.6,2023-01-09,30.6,1,356,0,1,1,1,3,Inactif
CLIENT-1808,2023-02-27,1,7.6,2023-02-27,7.6,1,307,0,1,1,1,3,Inactif
CLIENT-1811,2023-09-04,1,15.3,2023-09-04,15.3,1,118,0,3,1,1,5,Nouveau
CLIENT-1813,2023-09-16,3,426.6,2023-06-04,142.20000000000002,2,106,104,3,4,4,11,VIP
CLIENT-1816,2023-03-21,1,120.0,2023-03-21,120.0,1,285,0,1,1,3,5,Inactif
CLIENT-1821,2023-10-25,3,4340.0,2023-05-03,1446.6666666666667,1,67,175,4,4,4,12,VIP
CLIENT-1822,2023-02-24,1,61.75,2023-02-24,61.75,1,310,0,1,1,2,4,Inactif
CLIENT-1824,2023-07-08,1,992.0,2023-07-08,992.0,1,176,0,2,1,4,7,Occasionnel
CLIENT-1826,2023-06-14,1,620.0,2023-06-14,620.0,1,200,0,2,1,4,7,Occasionnel
CLIENT-1827,2023-10-24,4,650.7,2023-05-28,162.675,3,68,149,3,4,4,11,VIP
CLIENT-1828,2023-04-25,1,85.5,2023-04-25,85.5,1,250,0,1,1,2,4,Inactif
CLIENT-1830,2023-11-10,1,504.0,2023-11-10,504.0,1,51,0,4,1,4,9,Nouveau
CLIENT-1833,2023-08-26,3,1142.6,2023-06-21,380.8666666666666,3,127,66,3,4,4,11,VIP
CLIENT-1836,2023-12-13,1,85.0,2023-12-13,85.0,1,18,0,4,1,2,7,Nouveau
CLIENT-1839,2023-12-29,1,200.0,2023-12-29,200.0,1,2,0,4,1,3,8,Nouveau
CLIENT-1844,2023-07-18,1,22.0,2023-07-18,22.0,1,166,0,2,1,1,4,Occasionnel
CLIENT-1846,2023-04-04,1,620.0,2023-04-04,620.0,1,271,0,1,1,4,6,Occasionnel
CLIENT-1848,2023-07-05,3,622.4,2023-02-22,207.46666666666667,2,179,133,2,4,4,10,VIP
CLIENT-1849,2023-07-04,1,40.0,2023-07-04,40.0,1,180,0,2,1,2,5,Occasionnel
CLIENT-1850,2023-09-25,2,883.5,2023-04-29,441.75,1,97,149,3,4,4,11,VIP
CLIENT-1856,2023-12-12,1,900.0,2023-12-12,900.0,1,19,0,4,1,4,9,Nouveau
CLIENT-1857,2023-11-12,2,73.0,2023-06-28,36.5,2,49,137,4,4,2,10,VIP
CLIENT-1858,2023-10-07,1,170.0,2023-10-07,170.0,1,85,0,3,1,3,7,Nouveau
CLIENT-1859,2023-11-30,2,378.0,2023-06-30,189.0,2,31,153,4,4,3,11,VIP
CLIENT-1860,2023-01-10,1,255.0,2023-01-10,255.0,1,355,0,1,1,3,5,Inactif
CLIENT-1861,2023-10-24,1,30.0,2023-10-24,30.0,1,68,0,3,1,1,5,Nouveau
CLIENT-1862,2023-11-26,1,42.75,2023-11-26,42.75,1,35,0,4,1,2,7,Nouveau
CLIENT-1863,2023-03-31,1,17.1,2023-03-31,17.1,1,275,0,1,1,1,3,Inactif
CLIENT-1865,2023-01-29,1,85.0,2023-01-29,85.0,1,336,0,1,1,2,4,Inactif
CLIENT-1866,2023-01-13,1,25.0,2023-01-13,25.0,1,352,0,1,1,1,3,Inactif
CLIENT-1867,2023-12-13,3,246.0,2023-01-04,82.0,2,18,343,4,4,3,11,VIP
CLIENT-1869,2023-04-30,1,23.75,2023-04-30,23.75,1,245,0,2,1,1,4,Occasionnel
CLIENT-1870,2023-06-17,1,390.0,2023-06-17,390.0,1,197,0,2,1,4,7,Occasionnel
CLIENT-1871,2023-06-21,1,81.0,2023-06-21,81.0,1,193,0,2,1,2,5,Occasionnel
CLIENT-1872,2023-10-28,2,650.0,2023-03-04,325.0,2,64,238,4,4,4,12,VIP
CLIENT-1875,2023-12-21,1,969.0,2023-12-21,969.0,1,10,0,4,1,4,9,Nouveau
CLIENT-1877,2023-09-07,1,1530.0,2023-09-07,1530.0,1,115,0,3,1,4,8,Nouveau
CLIENT-1883,2023-12-21,1,58.5,2023-12-21,58.5,1,10,0,4,1,2,7,Nouveau
CLIENT-1885,2023-08-16,1,380.0,2023-08-16,380.0,1,137,0,3,1,3,7,Nouveau
CLIENT-1886,2023-12-12,1,72.0,2023-12-12,72.0,1,19,0,4,1,2,7,Nouveau
CLIENT-1888,2023-05-10,1,110.5,2023-05-10,110.5,1,235,0,2,1,3,6,Occasionnel
CLIENT-1889,2023-10-06,2,495.0,2023-02-17,247.5,1,86,231,3,4,4,11,VIP
CLIENT-1890,2023-04-21,1,620.0,2023-04-21,620.0,1,254,0,1,1,4,6,Occasionnel
CLIENT-1891,2023-09-25,1,36.0,2023-09-25,36.0,1,97,0,3,1,1,5,Nouveau
CLIENT-1892,2023-01-13,1,45.0,2023-01-13,45.0,1,352,0,1,1,2,4,Inactif
CLIENT-1894,2023-02-15,1,229.5,2023-02-15,229.5,1,319,0,1,1,3,5,Inactif
CLIENT-1896,2023-10-17,2,490.0,2023-06-27,245.0,2,75,112,3,4,4,11,VIP
CLIENT-1898,2023-07-31,1,153.0,2023-07-31,153.0,1,153,0,2,1,3,6,Occasionnel
CLIENT-1899,2023-06-12,1,8.0,2023-06-12,8.0,1,202,0,2,1,1,4,Occasionnel
CLIENT-1900,2023-11-20,1,23.75,2023-11-20,23.75,1,41,0,4,1,1,6,Nouveau
CLIENT-1902,2023-05-21,2,1030.0,2023-01-04,515.0,1,224,137,2,4,4,10,VIP
CLIENT-1903,2023-07-28,1,27.0,2023-07-28,27.0,1,156,0,2,1,1,4,Occasionnel
CLIENT-1904,2023-03-13,1,117.0,2023-03-13,117.0,1,293,0,1,2,3,6,Occasionnel
CLIENT-1905,2023-05-24,1,65.0,2023-05-24,65.0,1,221,0,2,2,2,6,Occasionnel
CLIENT-1907,2023-01-26,1,30.0,2023-01-26,30.0,1,339,0,1,2,1,4,Inactif
CLIENT-1908,2023-10-11,2,57.5,2023-03-26,28.75,2,81,199,3,4,2,9,Occasionnel
CLIENT-1910,2023-05-17,1,55.0,2023-05-17,55.0,1,228,0,2,2,2,6,Occasionnel
CLIENT-1911,2023-09-06,1,59.4,2023-09-06,59.4,1,116,0,3,2,2,7,Nouveau
CLIENT-1912,2023-04-04,1,12.0,2023-04-04,12.0,1,271,0,1,2,1,4,Inactif
CLIENT-1913,2023-03-26,1,40.0,2023-03-26,40.0,1,280,0,1,2,2,5,Inactif
CLIENT-1914,2023-03-20,1,80.0,2023-03-20,80.0,1,286,0,1,2,2,5,Inactif
CLIENT-1916,2023-10-26,1,46.75,2023-10-26,46.75,1,66,0,4,2,2,8,Nouveau
CLIENT-1919,2023-07-30,1,24.0,2023-07-30,24.0,1,154,0,2,2,1,5,Occasionnel
CLIENT-1920,2023-11-17,1,13.5,2023-11-17,13.5,1,44,0,4,2,1,7,Nouveau
CLIENT-1921,2023-07-15,1,75.0,2023-07-15,75.0,1,169,0,2,2,2,6,Occasionnel
CLIENT-1924,2023-02-13,1,10.2,2023-02-13,10.2,1,321,0,1,2,1,4,Inactif
CLIENT-1925,2023-12-19,3,185.0,2023-02-21,61.666666666666664,2,12,301,4,4,3,11,VIP
CLIENT-1930,2023-11-25,1,620.0,2023-11-25,620.0,1,36,0,4,2,4,10,VIP
CLIENT-1932,2023-05-16,1,620.0,2023-05-16,620.0,1,229,0,2,2,4,8,Occasionnel
CLIENT-1936,2023-10-24,1,450.0,2023-10-24,450.0,1,68,0,4,2,4,10,VIP
CLIENT-1937,2023-03-03,1,30.0,2023-03-03,30.0,1,303,0,1,2,1,4,Inactif
CLIENT-1939,2023-09-09,1,165.0,2023-09-09,165.0,1,113,0,3,2,3,8,Nouveau
CLIENT-1941,2023-11-08,2,274.0,2023-06-07,137.0,2,53,154,4,4,3,11,VIP
CLIENT-1945,2023-09-03,2,319.0,2023-04-26,159.5,1,119,130,3,4,3,10,VIP
CLIENT-1949,2023-09-14,2,43.2,2023-02-26,21.6,1,108,200,3,4,2,9,Occasionnel
CLIENT-1951,2023-05-19,2,49.65,2023-01-22,24.825,2,226,117,2,4,2,8,À risque
CLIENT-1952,2023-11-07,3,453.5,2023-01-01,151.16666666666666,2,54,310,4,4,4,12,VIP
CLIENT-1953,2023-06-18,1,260.0,2023-06-18,260.0,1,196,0,2,2,3,7,Occasionnel
CLIENT-1956,2023-04-23,1,15.0,2023-04-23,15.0,1,252,0,1,2,1,4,Inactif
CLIENT-1959,2023-09-19,2,80.45,2023-03-03,40.225,2,103,200,3,4,2,9,Occasionnel
CLIENT-1960,2023-03-23,1,110.0,2023-03-23,110.0,1,283,0,1,2,3,6,Occasionnel
CLIENT-1961,2023-11-10,1,18.0,2023-11-10,18.0,1,51,0,4,2,1,7,Nouveau
CLIENT-1963,2023-05-15,2,505.0,2023-01-06,252.5,2,230,129,2,4,4,10,VIP
CLIENT-1964,2023-06-03,1,34.0,2023-06-03,34.0,1,211,0,2,2,1,5,Occasionnel
CLIENT-1965,2023-09-11,1,18.0,2023-09-11,18.0,1,111,0,3,2,1,6,Nouveau
CLIENT-1967,2023-09-20,1,45.0,2023-09-20,45.0,1,102,0,3,2,2,7,Nouveau
CLIENT-1969,2023-05-07,2,70.5,2023-01-08,35.25,2,238,119,2,4,2,8,À risque
CLIENT-1970,2023-10-31,2,609.0,2023-03-01,304.5,2,61,244,4,4,4,12,VIP
CLIENT-1972,2023-12-23,2,51.0,2023-03-14,25.5,2,8,284,4,4,2,10,VIP
CLIENT-1974,2023-01-05,1,1350.0,2023-01-05,1350.0,1,360,0,1,2,4,7,Occasionnel
CLIENT-1975,2023-08-31,1,304.0,2023-08-31,304.0,1,122,0,3,2,3,8,Nouveau
CLIENT-1977,2023-10-14,1,36.0,2023-10-14,36.0,1,78,0,3,2,1,6,Nouveau
CLIENT-1980,2023-03-05,2,163.75,2023-01-19,81.875,1,301,45,1,4,3,8,Fidèle
CLIENT-1981,2023-06-02,1,54.0,2023-06-02,54.0,1,212,0,2,2,2,6,Occasionnel
CLIENT-1985,2023-08-17,1,1026.0,2023-08-17,1026.0,1,136,0,3,2,4,9,Nouveau
CLIENT-1986,2023-03-25,1,25.0,2023-03-25,25.0,1,281,0,1,2,1,4,Inactif
CLIENT-1987,2023-12-12,2,139.25,2023-03-11,69.625,1,19,276,4,4,3,11,VIP
CLIENT-1988,2023-10-14,1,61.2,2023-10-14,61.2,1,78,0,3,2,2,7,Nouveau
CLIENT-1992,2023-08-16,1,27.0,2023-08-16,27.0,1,137,0,3,2,1,6,Nouveau
CLIENT-1993,2023-06-11,3,1059.0,2023-02-19,353.0,2,203,112,2,4,4,10,VIP
CLIENT-1994,2023-12-09,1,589.0,2023-12-09,589.0,1,22,0,4,2,4,10,VIP
CLIENT-1995,2023-06-26,1,240.0,2023-06-26,240.0,1,188,0,2,2,3,7,Occasionnel
CLIENT-1996,2023-04-09,1,30.4,2023-04-09,30.4,1,266,0,1,2,1,4,Inactif
CLIENT-1997,2023-09-19,1,16.0,2023-09-19,16.0,1,103,0,3,2,1,6,Nouveau
CLIENT-1998,2023-07-29,2,91.0,2023-03-30,45.5,2,155,121,2,4,2,8,À risque
CLIENT-2001,2023-03-07,1,15.3,2023-03-07,15.3,1,299,0,1,2,1,4,Inactif
CLIENT-2002,2023-08-05,2,877.0,2023-05-23,438.5,2,148,74,3,4,4,11,VIP
CLIENT-2003,2023-02-08,1,44.0,2023-02-08,44.0,1,326,0,1,2,2,5,Inactif
CLIENT-2004,2023-08-10,2,90.25,2023-03-07,45.125,2,143,156,3,4,2,9,Occasionnel
CLIENT-2008,2023-10-23,2,614.0,2023-06-20,307.0,2,69,125,3,4,4,11,VIP
CLIENT-2011,2023-10-18,2,2332.0,2023-07-25,1166.0,2,74,85,3,4,4,11,VIP
CLIENT-2012,2023-04-16,1,36.0,2023-04-16,36.0,1,259,0,1,2,1,4,Inactif
CLIENT-2013,2023-03-01,1,275.0,2023-03-01,275.0,1,305,0,1,2,3,6,Occasionnel
CLIENT-2016,2023-12-24,4,135.65,2023-02-14,33.9125,3,7,313,4,4,3,11,VIP
CLIENT-2017,2023-07-07,1,1282.5,2023-07-07,1282.5,1,177,0,2,2,4,8,Occasionnel
CLIENT-2018,2023-03-25,1,80.75,2023-03-25,80.75,1,281,0,1,2,2,5,Inactif
CLIENT-2019,2023-03-21,1,14.25,2023-03-21,14.25,1,285,0,1,2,1,4,Inactif
CLIENT-2022,2023-06-04,3,141.0,2023-01-08,47.0,2,210,147,2,4,3,9,Fidèle
CLIENT-2023,2023-12-08,2,172.0,2023-07-22,86.0,2,23,139,4,4,3,11,VIP
CLIENT-2024,2023-08-21,1,76.5,2023-08-21,76.5,1,132,0,3,2,2,7,Nouveau
CLIENT-2026,2023-04-02,2,310.25,2023-02-08,155.125,1,273,53,1,4,3,8,Fidèle
CLIENT-2029,2023-08-20,2,1400.0,2023-03-29,700.0,2,133,144,3,4,4,11,VIP
CLIENT-2031,2023-12-18,1,18.0,2023-12-18,18.0,1,13,0,4,2,1,7,Nouveau
CLIENT-2032,2023-11-30,2,157.0,2023-05-08,78.5,2,31,206,4,4,3,11,VIP
CLIENT-2033,2023-02-21,2,60.75,2023-01-19,30.375,2,313,33,1,4,2,7,À risque
CLIENT-2035,2023-10-29,1,15.0,2023-10-29,15.0,1,63,0,4,2,1,7,Nouveau
CLIENT-2036,2023-12-08,1,450.0,2023-12-08,450.0,1,23,0,4,2,4,10,VIP
CLIENT-2038,2023-10-15,2,1074.0,2023-02-04,537.0,2,77,253,3,4,4,11,VIP
CLIENT-2040,2023-12-22,1,64.8,2023-12-22,64.8,1,9,0,4,2,2,8,Nouveau
CLIENT-2042,2023-08-12,2,27.75,2023-06-29,13.875,2,141,44,3,4,1,8,Occasionnel
CLIENT-2045,2023-12-21,1,40.0,2023-12-21,40.0,1,10,0,4,2,2,8,Nouveau
CLIENT-2047,2023-09-24,1,161.5,2023-09-24,161.5,1,98,0,3,2,3,8,Nouveau
CLIENT-2048,2023-08-04,2,396.2,2023-04-19,198.1,2,149,107,2,4,4,10,VIP
CLIENT-2050,2023-12-11,1,45.0,2023-12-11,45.0,1,20,0,4,2,2,8,Nouveau
CLIENT-2054,2023-08-19,1,192.0,2023-08-19,192.0,1,134,0,3,2,3,8,Nouveau
CLIENT-2055,2023-11-27,1,114.0,2023-11-27,114.0,1,34,0,4,2,3,9,Nouveau
CLIENT-2056,2023-05-04,1,18.0,2023-05-04,18.0,1,241,0,2,2,1,5,Occasionnel
CLIENT-2060,2023-10-04,1,589.0,2023-10-04,589.0,1,88,0,3,2,4,9,Nouveau
CLIENT-2061,2023-09-01,1,170.0,2023-09-01,170.0,1,121,0,3,2,3,8,Nouveau
CLIENT-2062,2023-09-05,1,380.0,2023-09-05,380.0,1,117,0,3,2,3,8,Nouveau
CLIENT-2063,2023-09-01,2,76.5,2023-04-30,38.25,2,121,124,3,4,2,9,Occasionnel
CLIENT-2064,2023-11-22,1,620.0,2023-11-22,620.0,1,39,0,4,2,4,10,VIP
CLIENT-2065,2023-08-10,1,153.0,2023-08-10,153.0,1,143,0,3,2,3,8,Nouveau
CLIENT-2066,2023-06-06,2,1600.0,2023-02-06,800.0,2,208,120,2,4,4,10,VIP
CLIENT-2067,2023-09-08,1,360.0,2023-09-08,360.0,1,114,0,3,2,3,8,Nouveau
CLIENT-2068,2023-11-07,1,25.0,2023-11-07,25.0,1,54,0,4,2,1,7,Nouveau
CLIENT-2072,2023-06-28,1,12.0,2023-06-28,12.0,1,186,0,2,2,1,5,Occasionnel
CLIENT-2073,2023-08-11,1,85.0,2023-08-11,85.0,1,142,0,3,2,2,7,Nouveau
CLIENT-2076,2023-04-11,1,255.0,2023-04-11,255.0,1,264,0,1,2,3,6,Occasionnel
CLIENT-2077,2023-09-06,1,18.0,2023-09-06,18.0,1,116,0,3,2,1,6,Nouveau
CLIENT-2081,2023-07-27,1,85.0,2023-07-27,85.0,1,157,0,2,2,2,6,Occasionnel
CLIENT-2085,2023-01-21,1,22.5,2023-01-21,22.5,1,344,0,1,2,1,4,Inactif
CLIENT-2086,2023-01-06,1,52.0,2023-01-06,52.0,1,359,0,1,2,2,5,Inactif
CLIENT-2088,2023-10-14,3,530.4,2023-07-23,176.79999999999998,2,78,83,3,4,4,11,VIP
CLIENT-2092,2023-10-10,1,80.75,2023-10-10,80.75,1,82,0,3,2,2,7,Nouveau
CLIENT-2094,2023-11-26,1,13.5,2023-11-26,13.5,1,35,0,4,2,1,7,Nouveau
CLIENT-2096,2023-08-09,2,103.0,2023-07-29,51.5,2,144,11,3,4,3,10,VIP
CLIENT-2098,2023-03-24,1,21.25,2023-03-24,21.25,1,282,0,1,2,1,4,Inactif
CLIENT-2100,2023-03-15,3,677.1,2023-03-02,225.70000000000002,2,291,13,1,4,4,9,Fidèle
CLIENT-2102,2023-10-18,1,45.0,2023-10-18,45.0,1,74,0,3,2,2,7,Nouveau
CLIENT-2103,2023-01-18,1,85.5,2023-01-18,85.5,1,347,0,1,2,2,5,Inactif
CLIENT-2104,2023-11-20,1,100.0,2023-11-20,100.0,1,41,0,4,2,2,8,Nouveau
CLIENT-2105,2023-04-12,1,27.0,2023-04-12,27.0,1,263,0,1,2,1,4,Inactif
CLIENT-2106,2023-12-04,1,58.5,2023-12-04,58.5,1,27,0,4,2,2,8,Nouveau
CLIENT-2107,2023-08-30,1,27.0,2023-08-30,27.0,1,123,0,3,2,1,6,Nouveau
CLIENT-2108,2023-08-21,1,85.0,2023-08-21,85.0,1,132,0,3,2,2,7,Nouveau
CLIENT-2115,2023-11-23,2,678.0,2023-01-18,339.0,2,38,309,4,4,4,12,VIP
CLIENT-2116,2023-10-23,1,18.7,2023-10-23,18.7,1,69,0,3,2,1,6,Nouveau
CLIENT-2117,2023-09-17,1,558.0,2023-09-17,558.0,1,105,0,3,2,4,9,Nouveau
CLIENT-2121,2023-07-03,2,862.5,2023-04-26,431.25,2,181,68,2,4,4,10,VIP
CLIENT-2122,2023-11-21,2,49.0,2023-10-03,24.5,2,40,49,4,4,2,10,VIP
CLIENT-2125,2023-09-24,1,102.0,2023-09-24,102.0,1,98,0,3,2,2,7,Nouveau
CLIENT-2126,2023-12-09,2,124.2,2023-03-10,62.1,2,22,274,4,4,3,11,VIP
CLIENT-2130,2023-10-18,4,305.0,2023-04-21,76.25,3,74,180,3,4,3,10,VIP
CLIENT-2131,2023-11-04,1,684.0,2023-11-04,684.0,1,57,0,4,2,4,10,VIP
CLIENT-2132,2023-05-15,1,228.0,2023-05-15,228.0,1,230,0,2,2,3,7,Occasionnel
CLIENT-2135,2023-05-11,2,140.5,2023-01-25,70.25,2,234,106,2,4,3,9,Fidèle
CLIENT-2136,2023-09-16,2,641.25,2023-05-25,320.625,2,106,114,3,4,4,11,VIP
CLIENT-2137,2023-07-27,1,42.75,2023-07-27,42.75,1,157,0,2,2,2,6,Occasionnel
CLIENT-2138,2023-12-01,2,56.25,2023-05-21,28.125,2,30,194,4,4,2,10,VIP
CLIENT-2139,2023-12-04,2,145.0,2023-01-01,72.5,2,27,337,4,4,3,11,VIP
CLIENT-2140,2023-09-10,1,450.0,2023-09-10,450.0,1,112,0,3,2,4,9,Nouveau
CLIENT-2141,2023-02-06,1,15.0,2023-02-06,15.0,1,328,0,1,2,1,4,Inactif
CLIENT-2144,2023-05-07,1,520.0,2023-05-07,520.0,1,238,0,2,2,4,8,Occasionnel
CLIENT-2146,2023-11-09,2,133.0,2023-09-13,66.5,2,52,57,4,4,3,11,VIP
CLIENT-2147,2023-10-14,1,15.0,2023-10-14,15.0,1,78,0,3,2,1,6,Nouveau
CLIENT-2150,2023-03-11,1,49.5,2023-03-11,49.5,1,295,0,1,2,2,5,Inactif
CLIENT-2154,2023-01-07,1,900.0,2023-01-07,900.0,1,358,0,1,2,4,7,Occasionnel
CLIENT-2157,2023-03-23,1,28.5,2023-03-23,28.5,1,283,0,1,2,1,4,Inactif
CLIENT-2158,2023-06-06,3,507.75,2023-01-17,169.25,3,208,140,2,4,4,10,VIP
CLIENT-2159,2023-09-20,2,665.0,2023-08-20,332.5,1,102,31,3,4,4,11,VIP
CLIENT-2160,2023-05-03,1,620.0,2023-05-03,620.0,1,242,0,2,2,4,8,Occasionnel
CLIENT-2161,2023-04-05,2,209.5,2023-03-02,104.75,2,270,34,1,4,3,8,Fidèle
CLIENT-2163,2023-04-24,1,18.0,2023-04-24,18.0,1,251,0,1,2,1,4,Inactif
CLIENT-2165,2023-05-29,1,32.4,2023-05-29,32.4,1,216,0,2,2,1,5,Occasionnel
CLIENT-2166,2023-04-15,1,242.25,2023-04-15,242.25,1,260,0,1,2,3,6,Occasionnel
CLIENT-2167,2023-09-24,3,255.0,2023-04-02,85.0,3,98,175,3,4,3,10,VIP
CLIENT-2170,2023-07-21,1,450.0,2023-07-21,450.0,1,163,0,2,2,4,8,Occasionnel
CLIENT-2171,2023-04-27,1,527.0,2023-04-27,527.0,1,248,0,2,2,4,8,Occasionnel
CLIENT-2172,2023-01-22,1,1215.0,2023-01-22,1215.0,1,343,0,1,2,4,7,Occasionnel
CLIENT-2173,2023-03-28,1,10.8,2023-03-28,10.8,1,278,0,1,2,1,4,Inactif
CLIENT-2174,2023-08-05,2,63.0,2023-07-30,31.5,2,148,6,3,4,2,9,Occasionnel
CLIENT-2175,2023-02-03,1,560.0,2023-02-03,560.0,1,331,0,1,2,4,7,Occasionnel
CLIENT-2176,2023-02-13,1,18.0,2023-02-13,18.0,1,321,0,1,2,1,4,Inactif
CLIENT-2178,2023-03-29,2,54.75,2023-01-27,27.375,2,277,61,1,4,2,7,À risque
CLIENT-2180,2023-02-03,1,18.0,2023-02-03,18.0,1,331,0,1,2,1,4,Inactif
CLIENT-2181,2023-09-28,1,900.0,2023-09-28,900.0,1,94,0,3,2,4,9,Nouveau
CLIENT-2185,2023-08-24,1,85.0,2023-08-24,85.0,1,129,0,3,2,2,7,Nouveau
CLIENT-2186,2023-10-28,3,138.2,2023-04-22,46.06666666666666,3,64,189,4,4,3,11,VIP
CLIENT-2188,2023-06-05,2,425.0,2023-02-09,212.5,1,209,116,2,4,4,10,VIP
CLIENT-2190,2023-08-22,1,30.0,2023-08-22,30.0,1,131,0,3,2,1,6,Nouveau
CLIENT-2193,2023-12-19,2,92.1,2023-10-21,46.05,2,12,59,4,4,2,10,VIP
CLIENT-2195,2023-05-08,1,722.0,2023-05-08,722.0,1,237,0,2,2,4,8,Occasionnel
CLIENT-2196,2023-09-07,1,148.5,2023-09-07,148.5,1,115,0,3,2,3,8,Nouveau
CLIENT-2204,2023-03-27,1,52.0,2023-03-27,52.0,1,279,0,1,2,2,5,Inactif
CLIENT-2205,2023-01-15,1,8.0,2023-01-15,8.0,1,350,0,1,2,1,4,Inactif
CLIENT-2206,2023-03-14,1,25.0,2023-03-14,25.0,1,292,0,1,2,1,4,Inactif
CLIENT-2209,2023-01-22,1,130.0,2023-01-22,130.0,1,343,0,1,2,3,6,Occasionnel
CLIENT-2211,2023-08-31,1,112.5,2023-08-31,112.5,1,122,0,3,2,3,8,Nouveau
CLIENT-2213,2023-07-27,1,12.75,2023-07-27,12.75,1,157,0,2,2,1,5,Occasionnel
CLIENT-2215,2023-07-14,1,255.0,2023-07-14,255.0,1,170,0,2,2,3,7,Occasionnel
CLIENT-2218,2023-07-03,1,7.2,2023-07-03,7.2,1,181,0,2,2,1,5,Occasionnel
CLIENT-2222,2023-04-29,3,893.0,2023-01-03,297.6666666666667,2,246,116,2,4,4,10,VIP
CLIENT-2223,2023-11-08,2,81.0,2023-03-19,40.5,2,53,234,4,4,2,10,VIP
CLIENT-2225,2023-07-23,2,708.0,2023-04-29,354.0,2,161,85,2,4,4,10,VIP
CLIENT-2226,2023-01-07,1,16.2,2023-01-07,16.2,1,358,0,1,2,1,4,Inactif
CLIENT-2227,2023-07-18,1,18.0,2023-07-18,18.0,1,166,0,2,2,1,5,Occasionnel
CLIENT-2228,2023-12-06,2,90.0,2023-05-31,45.0,2,25,189,4,4,2,10,VIP
CLIENT-2229,2023-10-29,2,90.0,2023-05-23,45.0,2,63,159,4,4,2,10,VIP
CLIENT-2230,2023-04-21,2,470.0,2023-01-10,235.0,2,254,101,1,4,4,9,Fidèle
CLIENT-2231,2023-10-08,1,22.5,2023-10-08,22.5,1,84,0,3,2,1,6,Nouveau
CLIENT-2233,2023-05-24,1,15.0,2023-05-24,15.0,1,221,0,2,2,1,5,Occasionnel
CLIENT-2234,2023-04-01,1,117.0,2023-04-01,117.0,1,274,0,1,2,3,6,Occasionnel
CLIENT-2235,2023-07-30,2,170.5,2023-03-04,85.25,2,154,148,2,4,3,9,Fidèle
CLIENT-2236,2023-05-23,1,76.5,2023-05-23,76.5,1,222,0,2,2,2,6,Occasionnel
CLIENT-2237,2023-01-24,2,796.0,2023-01-22,398.0,2,341,2,1,4,4,9,Fidèle
CLIENT-2239,2023-10-30,2,374.25,2023-05-02,187.125,2,62,181,4,4,3,11,VIP
CLIENT-2240,2023-11-26,2,112.0,2023-09-30,56.0,2,35,57,4,4,3,11,VIP
CLIENT-2241,2023-03-17,1,558.0,2023-03-17,558.0,1,289,0,1,2,4,7,Occasionnel
CLIENT-2243,2023-10-02,2,1147.0,2023-04-14,573.5,1,90,171,3,4,4,11,VIP
CLIENT-2244,2023-01-16,1,16.2,2023-01-16,16.2,1,349,0,1,2,1,4,Inactif
CLIENT-2245,2023-02-07,1,71.25,2023-02-07,71.25,1,327,0,1,2,2,5,Inactif
CLIENT-2247,2023-07-02,3,1638.0,2023-03-26,546.0,1,182,98,2,4,4,10,VIP
CLIENT-2248,2023-09-28,2,126.0,2023-04-23,63.0,2,94,158,3,4,3,10,VIP
CLIENT-2251,2023-04-03,1,120.0,2023-04-03,120.0,1,272,0,1,2,3,6,Occasionnel
CLIENT-2254,2023-12-10,1,18.0,2023-12-10,18.0,1,21,0,4,2,1,7,Nouveau
CLIENT-2255,2023-07-20,1,22.5,2023-07-20,22.5,1,164,0,2,2,1,5,Occasionnel
CLIENT-2256,2023-04-07,1,80.0,2023-04-07,80.0,1,268,0,1,2,2,5,Inactif
CLIENT-2259,2023-01-17,2,1719.0,2023-01-04,859.5,1,348,13,1,4,4,9,Fidèle
CLIENT-2260,2023-12-18,2,57.2,2023-05-13,28.6,2,13,219,4,4,2,10,VIP
CLIENT-2262,2023-06-02,2,182.0,2023-05-01,91.0,2,212,32,2,4,3,9,Fidèle
CLIENT-2264,2023-08-03,1,380.0,2023-08-03,380.0,1,150,0,2,2,3,7,Occasionnel
CLIENT-2266,2023-11-30,2,74.8,2023-08-20,37.4,2,31,102,4,4,2,10,VIP
CLIENT-2268,2023-04-14,1,17.1,2023-04-14,17.1,1,261,0,1,2,1,4,Inactif
CLIENT-2271,2023-10-16,3,187.6,2023-01-10,62.53333333333333,3,76,279,3,4,3,10,VIP
CLIENT-2272,2023-03-07,1,63.75,2023-03-07,63.75,1,299,0,1,2,2,5,Inactif
CLIENT-2274,2023-10-13,3,112.0,2023-01-13,37.333333333333336,1,79,273,3,4,3,10,VIP
CLIENT-2276,2023-10-12,1,22.5,2023-10-12,22.5,1,80,0,3,2,1,6,Nouveau
CLIENT-2278,2023-05-29,1,50.0,2023-05-29,50.0,1,216,0,2,2,2,6,Occasionnel
CLIENT-2279,2023-04-25,1,8.0,2023-04-25,8.0,1,250,0,2,2,1,5,Occasionnel
CLIENT-2280,2023-07-21,1,1800.0,2023-07-21,1800.0,1,163,0,2,2,4,8,Occasionnel
CLIENT-2282,2023-02-27,1,247.0,2023-02-27,247.0,1,307,0,1,2,3,6,Occasionnel
CLIENT-2283,2023-08-16,2,206.5,2023-06-02,103.25,2,137,75,3,4,3,10,VIP
CLIENT-2284,2023-08-05,1,589.0,2023-08-05,589.0,1,148,0,3,2,4,9,Nouveau
CLIENT-2285,2023-06-01,2,34.75,2023-03-28,17.375,2,213,65,2,4,1,7,À risque
CLIENT-2287,2023-09-05,1,25.0,2023-09-05,25.0,1,117,0,3,2,1,6,Nouveau
CLIENT-2289,2023-09-06,2,320.0,2023-06-15,160.0,2,116,83,3,4,3,10,VIP
CLIENT-2291,2023-11-06,1,1240.0,2023-11-06,1240.0,1,55,0,4,2,4,10,VIP
CLIENT-2292,2023-05-01,1,75.0,2023-05-01,75.0,1,244,0,2,2,2,6,Occasionnel
CLIENT-2294,2023-01-30,1,12.0,2023-01-30,12.0,1,335,0,1,2,1,4,Inactif
CLIENT-2296,2023-05-20,1,25.0,2023-05-20,25.0,1,225,0,2,2,1,5,Occasionnel
CLIENT-2298,2023-09-03,1,722.0,2023-09-03,722.0,1,119,0,3,2,4,9,Nouveau
CLIENT-2300,2023-04-25,1,520.0,2023-04-25,520.0,1,250,0,2,2,4,8,Occasionnel
CLIENT-2301,2023-09-26,1,47.5,2023-09-26,47.5,1,96,0,3,2,2,7,Nouveau
CLIENT-2303,2023-09-24,3,118.75,2023-05-06,39.583333333333336,2,98,141,3,4,3,10,VIP
CLIENT-2304,2023-02-10,1,110.5,2023-02-10,110.5,1,324,0,1,2,3,6,Occasionnel
CLIENT-2305,2023-08-12,1,108.0,2023-08-12,108.0,1,141,0,3,2,3,8,Nouveau
CLIENT-2306,2023-02-17,1,175.5,2023-02-17,175.5,1,317,0,1,2,3,6,Occasionnel
CLIENT-2308,2023-06-04,1,27.0,2023-06-04,27.0,1,210,0,2,2,1,5,Occasionnel
CLIENT-2310,2023-10-02,1,23.75,2023-10-02,23.75,1,90,0,3,2,1,6,Nouveau
CLIENT-2312,2023-11-17,2,917.1,2023-10-21,458.55,2,44,27,4,4,4,12,VIP
CLIENT-2317,2023-06-22,1,14.25,2023-06-22,14.25,1,192,0,2,2,1,5,Occasionnel
CLIENT-2318,2023-10-15,3,1475.0,2023-08-16,491.6666666666667,1,77,60,3,4,4,11,VIP
CLIENT-2319,2023-12-05,2,810.0,2023-04-18,405.0,2,26,231,4,4,4,12,VIP
CLIENT-2324,2023-11-03,2,39.4,2023-10-08,19.7,2,58,26,4,4,2,10,VIP
CLIENT-2325,2023-03-12,2,162.75,2023-03-01,81.375,2,294,11,1,4,3,8,Fidèle
CLIENT-2326,2023-10-17,1,992.0,2023-10-17,992.0,1,75,0,3,2,4,9,Nouveau
CLIENT-2327,2023-06-20,1,380.0,2023-06-20,380.0,1,194,0,2,2,3,7,Occasionnel
CLIENT-2334,2023-02-24,1,432.0,2023-02-24,432.0,1,310,0,1,2,4,7,Occasionnel
CLIENT-2339,2023-05-28,1,125.0,2023-05-28,125.0,1,217,0,2,2,3,7,Occasionnel
CLIENT-2340,2023-05-02,1,228.0,2023-05-02,228.0,1,243,0,2,2,3,7,Occasionnel
CLIENT-2341,2023-10-06,1,36.0,2023-10-06,36.0,1,86,0,3,2,1,6,Nouveau
CLIENT-2343,2023-02-15,1,130.0,2023-02-15,130.0,1,319,0,1,2,3,6,Occasionnel
CLIENT-2346,2023-08-06,2,120.0,2023-07-07,60.0,1,147,30,3,4,3,10,VIP
CLIENT-2348,2023-06-30,1,450.0,2023-06-30,450.0,1,184,0,2,2,4,8,Occasionnel
CLIENT-2350,2023-01-27,1,855.0,2023-01-27,855.0,1,338,0,1,2,4,7,Occasionnel
CLIENT-2352,2023-04-16,2,48.0,2023-02-18,24.0,2,259,57,1,4,2,7,À risque
CLIENT-2354,2023-10-23,1,71.25,2023-10-23,71.25,1,69,0,3,2,2,7,Nouveau
CLIENT-2355,2023-08-27,1,361.0,2023-08-27,361.0,1,126,0,3,2,3,8,Nouveau
CLIENT-2357,2023-03-17,1,6.8,2023-03-17,6.8,1,289,0,1,2,1,4,Inactif
CLIENT-2359,2023-04-23,1,18.0,2023-04-23,18.0,1,252,0,1,2,1,4,Inactif
CLIENT-2361,2023-02-04,1,810.0,2023-02-04,810.0,1,330,0,1,2,4,7,Occasionnel
CLIENT-2362,2023-06-03,1,18.0,2023-06-03,18.0,1,211,0,2,2,1,5,Occasionnel
CLIENT-2363,2023-02-19,1,15.0,2023-02-19,15.0,1,315,0,1,2,1,4,Inactif
CLIENT-2367,2023-11-08,1,36.0,2023-11-08,36.0,1,53,0,4,2,1,7,Nouveau
CLIENT-2370,2023-01-31,1,80.75,2023-01-31,80.75,1,334,0,1,2,2,5,Inactif
CLIENT-2372,2023-09-22,2,58.95,2023-08-09,29.475,1,100,44,3,4,2,9,Occasionnel
CLIENT-2375,2023-08-08,1,68.0,2023-08-08,68.0,1,145,0,3,2,2,7,Nouveau
CLIENT-2376,2023-05-30,1,7.6,2023-05-30,7.6,1,215,0,2,2,1,5,Occasionnel
CLIENT-2378,2023-01-01,1,22.0,2023-01-01,22.0,1,364,0,1,2,1,4,Inactif
CLIENT-2379,2023-09-04,1,85.0,2023-09-04,85.0,1,118,0,3,2,2,7,Nouveau
CLIENT-2380,2023-10-16,1,120.0,2023-10-16,120.0,1,76,0,3,2,3,8,Nouveau
CLIENT-2381,2023-11-19,2,450.0,2023-10-21,225.0,2,42,29,4,4,4,12,VIP
CLIENT-2383,2023-12-15,2,760.0,2023-06-18,380.0,2,16,180,4,4,4,12,VIP
CLIENT-2384,2023-05-01,2,102.0,2023-03-14,51.0,1,244,48,2,4,2,8,À risque
CLIENT-2387,2023-05-27,2,1556.0,2023-01-23,778.0,1,218,124,2,4,4,10,VIP
CLIENT-2388,2023-02-10,1,405.0,2023-02-10,405.0,1,324,0,1,2,4,7,Occasionnel
CLIENT-2390,2023-01-29,1,12.75,2023-01-29,12.75,1,336,0,1,2,1,4,Inactif
CLIENT-2391,2023-01-28,1,40.5,2023-01-28,40.5,1,337,0,1,2,2,5,Inactif
CLIENT-2392,2023-06-19,2,42.5,2023-05-12,21.25,2,195,38,2,4,2,8,À risque
CLIENT-2393,2023-10-16,1,54.0,2023-10-16,54.0,1,76,0,3,2,2,7,Nouveau
CLIENT-2394,2023-01-15,1,108.0,2023-01-15,108.0,1,350,0,1,2,3,6,Occasionnel
CLIENT-2395,2023-12-05,1,382.5,2023-12-05,382.5,1,26,0,4,2,3,9,Nouveau
CLIENT-2397,2023-10-01,1,589.0,2023-10-01,589.0,1,91,0,3,2,4,9,Nouveau
CLIENT-2398,2023-12-16,2,2480.0,2023-11-17,1240.0,1,15,29,4,4,4,12,VIP
CLIENT-2399,2023-09-03,1,21.6,2023-09-03,21.6,1,119,0,3,2,1,6,Nouveau
CLIENT-2400,2023-08-06,2,787.5,2023-04-10,393.75,1,147,118,3,4,4,11,VIP
CLIENT-2402,2023-10-02,1,34.0,2023-10-02,34.0,1,90,0,3,2,1,6,Nouveau
CLIENT-2403,2023-04-06,1,13.5,2023-04-06,13.5,1,269,0,1,2,1,4,Inactif
CLIENT-2405,2023-11-13,1,14.25,2023-11-13,14.25,1,48,0,4,2,1,7,Nouveau
CLIENT-2410,2023-12-08,1,7.6,2023-12-08,7.6,1,23,0,4,2,1,7,Nouveau
CLIENT-2412,2023-11-01,1,40.0,2023-11-01,40.0,1,60,0,4,2,2,8,Nouveau
CLIENT-2416,2023-08-14,1,760.0,2023-08-14,760.0,1,139,0,3,2,4,9,Nouveau
CLIENT-2417,2023-09-19,1,80.0,2023-09-19,80.0,1,103,0,3,2,2,7,Nouveau
CLIENT-2418,2023-09-24,1,85.0,2023-09-24,85.0,1,98,0,3,2,2,7,Nouveau
CLIENT-2420,2023-06-12,1,54.0,2023-06-12,54.0,1,202,0,2,2,2,6,Occasionnel
CLIENT-2421,2023-08-20,1,30.0,2023-08-20,30.0,1,133,0,3,2,1,6,Nouveau
CLIENT-2428,2023-03-19,1,40.0,2023-03-19,40.0,1,287,0,1,2,2,5,Inactif
CLIENT-2431,2023-01-30,1,12.75,2023-01-30,12.75,1,335,0,1,2,1,4,Inactif
CLIENT-2432,2023-09-01,1,28.5,2023-09-01,28.5,1,121,0,3,2,1,6,Nouveau
CLIENT-2438,2023-04-12,1,22.0,2023-04-12,22.0,1,263,0,1,2,1,4,Inactif
CLIENT-2442,2023-07-18,1,722.0,2023-07-18,722.0,1,166,0,2,2,4,8,Occasionnel
CLIENT-2445,2023-02-03,1,45.0,2023-02-03,45.0,1,331,0,1,2,2,5,Inactif
CLIENT-2446,2023-04-10,1,36.0,2023-04-10,36.0,1,265,0,1,2,1,4,Inactif
CLIENT-2447,2023-12-15,1,130.0,2023-12-15,130.0,1,16,0,4,2,3,9,Nouveau
CLIENT-2452,2023-08-21,1,40.0,2023-08-21,40.0,1,132,0,3,2,2,7,Nouveau
CLIENT-2454,2023-04-12,1,13.5,2023-04-12,13.5,1,263,0,1,2,1,4,Inactif
CLIENT-2456,2023-07-28,1,50.0,2023-07-28,50.0,1,156,0,2,2,2,6,Occasionnel
CLIENT-2457,2023-08-03,1,55.0,2023-08-03,55.0,1,150,0,2,2,2,6,Occasionnel
CLIENT-2458,2023-04-10,1,22.5,2023-04-10,22.5,1,265,0,1,2,1,4,Inactif
CLIENT-2460,2023-10-14,1,19.8,2023-10-14,19.8,1,78,0,3,2,1,6,Nouveau
CLIENT-2461,2023-12-11,2,231.2,2023-03-12,115.6,2,20,274,4,4,3,11,VIP
CLIENT-2464,2023-11-15,2,730.0,2023-08-22,365.0,2,46,85,4,4,4,12,VIP
CLIENT-2466,2023-03-23,1,1488.0,2023-03-23,1488.0,1,283,0,1,2,4,7,Occasionnel
CLIENT-2467,2023-03-02,1,60.0,2023-03-02,60.0,1,304,0,1,2,2,5,Inactif
CLIENT-2469,2023-03-11,1,117.0,2023-03-11,117.0,1,295,0,1,2,3,6,Occasionnel
CLIENT-2470,2023-05-12,1,17.1,2023-05-12,17.1,1,233,0,2,2,1,5,Occasionnel
CLIENT-2473,2023-04-08,1,104.5,2023-04-08,104.5,1,267,0,1,2,3,6,Occasionnel
CLIENT-2475,2023-11-06,2,203.75,2023-04-24,101.875,2,55,196,4,4,3,11,VIP
CLIENT-2477,2023-06-10,1,7.2,2023-06-10,7.2,1,204,0,2,2,1,5,Occasionnel
CLIENT-2479,2023-06-17,3,720.0,2023-03-05,240.0,3,197,104,2,4,4,10,VIP
CLIENT-2480,2023-07-09,2,60.2,2023-06-24,30.1,2,175,15,2,4,2,8,À risque
CLIENT-2481,2023-06-14,1,57.0,2023-06-14,57.0,1,200,0,2,2,2,6,Occasionnel
CLIENT-2482,2023-01-29,2,204.25,2023-01-03,102.125,2,336,26,1,4,3,8,Fidèle
CLIENT-2488,2023-02-05,1,23.75,2023-02-05,23.75,1,329,0,1,2,1,4,Inactif
CLIENT-2489,2023-09-17,2,152.0,2023-08-16,76.0,2,105,32,3,4,3,10,VIP
CLIENT-2490,2023-05-18,2,158.0,2023-01-31,79.0,2,227,107,2,4,3,9,Fidèle
CLIENT-2494,2023-08-12,1,260.0,2023-08-12,260.0,1,141,0,3,2,3,8,Nouveau
CLIENT-2497,2023-09-14,1,760.0,2023-09-14,760.0,1,108,0,3,2,4,9,Nouveau
CLIENT-2498,2023-02-10,2,1192.5,2023-01-23,596.25,1,324,18,1,4,4,9,Fidèle
CLIENT-2502,2023-02-28,1,76.5,2023-02-28,76.5,1,306,0,1,2,2,5,Inactif
CLIENT-2505,2023-05-27,1,67.5,2023-05-27,67.5,1,218,0,2,2,2,6,Occasionnel
CLIENT-2506,2023-08-28,2,509.5,2023-03-29,254.75,2,125,152,3,4,4,11,VIP
CLIENT-2508,2023-12-23,3,447.0,2023-06-09,149.0,3,8,197,4,4,4,12,VIP
CLIENT-2509,2023-05-07,2,115.5,2023-01-23,57.75,2,238,104,2,4,3,9,Fidèle
CLIENT-2510,2023-08-15,1,12.0,2023-08-15,12.0,1,138,0,3,2,1,6,Nouveau
CLIENT-2511,2023-03-02,1,27.0,2023-03-02,27.0,1,304,0,1,2,1,4,Inactif
CLIENT-2512,2023-09-22,1,15.3,2023-09-22,15.3,1,100,0,3,2,1,6,Nouveau
CLIENT-2514,2023-09-11,2,103.0,2023-08-17,51.5,2,111,25,3,4,3,10,VIP
CLIENT-2516,2023-10-17,1,66.0,2023-10-17,66.0,1,75,0,3,2,2,7,Nouveau
CLIENT-2517,2023-02-09,1,110.0,2023-02-09,110.0,1,325,0,1,2,3,6,Occasionnel
CLIENT-2520,2023-11-11,1,14.25,2023-11-11,14.25,1,50,0,4,2,1,7,Nouveau
CLIENT-2522,2023-09-12,2,644.0,2023-08-13,322.0,2,110,30,3,4,4,11,VIP
CLIENT-2524,2023-04-11,1,120.0,2023-04-11,120.0,1,264,0,1,2,3,6,Occasionnel
CLIENT-2525,2023-12-05,1,50.0,2023-12-05,50.0,1,26,0,4,2,2,8,Nouveau
CLIENT-2526,2023-09-10,1,2025.0,2023-09-10,2025.0,1,112,0,3,2,4,9,Nouveau
CLIENT-2527,2023-12-01,1,504.0,2023-12-01,504.0,1,30,0,4,2,4,10,VIP
CLIENT-2528,2023-04-01,1,38.25,2023-04-01,38.25,1,274,0,1,2,2,5,Inactif
CLIENT-2530,2023-12-18,1,323.0,2023-12-18,323.0,1,13,0,4,2,3,9,Nouveau
CLIENT-2533,2023-12-23,1,25.0,2023-12-23,25.0,1,8,0,4,2,1,7,Nouveau
CLIENT-2536,2023-10-04,1,11.4,2023-10-04,11.4,1,88,0,3,2,1,6,Nouveau
CLIENT-2537,2023-02-22,1,380.0,2023-02-22,380.0,1,312,0,1,2,3,6,Occasionnel
CLIENT-2541,2023-03-08,1,100.0,2023-03-08,100.0,1,298,0,1,2,2,5,Inactif
CLIENT-2542,2023-04-04,1,532.0,2023-04-04,532.0,1,271,0,1,2,4,7,Occasionnel
CLIENT-2545,2023-08-28,1,15.0,2023-08-28,15.0,1,125,0,3,2,1,6,Nouveau
CLIENT-2546,2023-02-16,1,102.0,2023-02-16,102.0,1,318,0,1,2,2,5,Inactif
CLIENT-2547,2023-09-18,1,240.0,2023-09-18,240.0,1,104,0,3,2,3,8,Nouveau
CLIENT-2549,2023-04-15,1,104.5,2023-04-15,104.5,1,260,0,1,2,3,6,Occasionnel
CLIENT-2550,2023-07-12,1,209.0,2023-07-12,209.0,1,172,0,2,2,3,7,Occasionnel
CLIENT-2552,2023-04-18,2,129.0,2023-01-10,64.5,2,257,98,1,4,3,8,Fidèle
CLIENT-2555,2023-02-20,1,22.0,2023-02-20,22.0,1,314,0,1,2,1,4,Inactif
CLIENT-2556,2023-01-02,1,1147.5,2023-01-02,1147.5,1,363,0,1,2,4,7,Occasionnel
CLIENT-2557,2023-09-07,2,802.75,2023-01-29,401.375,1,115,221,3,4,4,11,VIP
CLIENT-2560,2023-06-06,1,17.1,2023-06-06,17.1,1,208,0,2,2,1,5,Occasionnel
CLIENT-2561,2023-07-01,2,250.0,2023-04-06,125.0,2,183,86,2,4,3,9,Fidèle
CLIENT-2565,2023-07-17,2,291.0,2023-04-25,145.5,2,167,83,2,4,3,9,Fidèle
CLIENT-2566,2023-04-22,1,57.0,2023-04-22,57.0,1,253,0,1,2,2,5,Inactif
CLIENT-2567,2023-10-14,1,14.25,2023-10-14,14.25,1,78,0,3,2,1,6,Nouveau
CLIENT-2572,2023-02-28,1,30.0,2023-02-28,30.0,1,306,0,1,2,1,4,Inactif
CLIENT-2573,2023-09-29,3,94.25,2023-07-27,31.416666666666668,3,93,64,3,4,2,9,Occasionnel
CLIENT-2574,2023-11-21,2,138.0,2023-07-10,69.0,2,40,134,4,4,3,11,VIP
CLIENT-2575,2023-05-06,1,45.0,2023-05-06,45.0,1,239,0,2,2,2,6,Occasionnel
CLIENT-2577,2023-02-23,1,30.0,2023-02-23,30.0,1,311,0,1,2,1,4,Inactif
CLIENT-2579,2023-11-02,2,500.0,2023-03-24,250.0,2,59,223,4,4,4,12,VIP
CLIENT-2582,2023-12-22,1,81.0,2023-12-22,81.0,1,9,0,4,2,2,8,Nouveau
CLIENT-2583,2023-11-21,1,15.2,2023-11-21,15.2,1,40,0,4,2,1,7,Nouveau
CLIENT-2584,2023-11-19,1,16.0,2023-11-19,16.0,1,42,0,4,2,1,7,Nouveau
CLIENT-2585,2023-12-26,1,15.0,2023-12-26,15.0,1,5,0,4,2,1,7,Nouveau
CLIENT-2587,2023-05-02,1,65.0,2023-05-02,65.0,1,243,0,2,2,2,6,Occasionnel
CLIENT-2590,2023-03-11,1,72.0,2023-03-11,72.0,1,295,0,1,2,2,5,Inactif
CLIENT-2591,2023-10-26,1,120.0,2023-10-26,120.0,1,66,0,4,2,3,9,Nouveau
CLIENT-2593,2023-12-03,3,1185.5,2023-04-16,395.1666666666667,3,28,231,4,4,4,12,VIP
CLIENT-2598,2023-06-12,1,18.0,2023-06-12,18.0,1,202,0,2,2,1,5,Occasionnel
CLIENT-2605,2023-06-24,1,380.0,2023-06-24,380.0,1,190,0,2,2,3,7,Occasionnel
CLIENT-2609,2023-02-16,1,32.0,2023-02-16,32.0,1,318,0,1,2,1,4,Inactif
CLIENT-2610,2023-02-09,1,40.0,2023-02-09,40.0,1,325,0,1,2,2,5,Inactif
CLIENT-2616,2023-11-01,1,1240.0,2023-11-01,1240.0,1,60,0,4,2,4,10,VIP
CLIENT-2620,2023-12-29,1,18.0,2023-12-29,18.0,1,2,0,4,2,1,7,Nouveau
CLIENT-2622,2023-09-22,1,41.8,2023-09-22,41.8,1,100,0,3,2,2,7,Nouveau
CLIENT-2625,2023-10-10,3,1440.0,2023-03-18,480.0,3,82,206,3,4,4,11,VIP
CLIENT-2627,2023-04-07,2,131.5,2023-01-23,65.75,2,268,74,1,4,3,8,Fidèle
CLIENT-2630,2023-12-24,3,1128.0,2023-03-05,376.0,3,7,294,4,4,4,12,VIP
CLIENT-2631,2023-10-24,1,558.0,2023-10-24,558.0,1,68,0,4,2,4,10,VIP
CLIENT-2632,2023-04-22,1,25.0,2023-04-22,25.0,1,253,0,1,2,1,4,Inactif
CLIENT-2636,2023-02-25,1,34.2,2023-02-25,34.2,1,309,0,1,2,1,4,Inactif
CLIENT-2637,2023-07-23,2,85.8,2023-06-12,42.9,1,161,41,2,4,2,8,À risque
CLIENT-2638,2023-02-05,1,22.0,2023-02-05,22.0,1,329,0,1,2,1,4,Inactif
CLIENT-2639,2023-06-27,1,120.0,2023-06-27,120.0,1,187,0,2,2,3,7,Occasionnel
CLIENT-2641,2023-09-10,2,1384.2,2023-05-04,692.1,2,112,129,3,4,4,11,VIP
CLIENT-2643,2023-12-28,1,10.2,2023-12-28,10.2,1,3,0,4,2,1,7,Nouveau
CLIENT-2647,2023-07-05,1,450.0,2023-07-05,450.0,1,179,0,2,2,4,8,Occasionnel
CLIENT-2651,2023-09-13,1,760.0,2023-09-13,760.0,1,109,0,3,2,4,9,Nouveau
CLIENT-2652,2023-07-01,1,22.0,2023-07-01,22.0,1,183,0,2,2,1,5,Occasionnel
CLIENT-2656,2023-06-15,3,313.5,2023-01-12,104.5,2,199,154,2,4,3,9,Fidèle
CLIENT-2657,2023-08-18,1,38.0,2023-08-18,38.0,1,135,0,3,2,2,7,Nouveau
CLIENT-2660,2023-02-14,1,47.5,2023-02-14,47.5,1,320,0,1,2,2,5,Inactif
CLIENT-2662,2023-12-07,3,459.75,2023-05-05,153.25,2,24,216,4,4,4,12,VIP
CLIENT-2663,2023-10-16,1,90.0,2023-10-16,90.0,1,76,0,3,2,2,7,Nouveau
CLIENT-2664,2023-06-03,2,168.0,2023-01-15,84.0,2,211,139,2,4,3,9,Fidèle
CLIENT-2667,2023-03-17,1,18.0,2023-03-17,18.0,1,289,0,1,2,1,4,Inactif
CLIENT-2668,2023-12-02,1,120.0,2023-12-02,120.0,1,29,0,4,2,3,9,Nouveau
CLIENT-2669,2023-12-25,1,714.0,2023-12-25,714.0,1,6,0,4,2,4,10,VIP
CLIENT-2672,2023-10-27,1,798.0,2023-10-27,798.0,1,65,0,4,2,4,10,VIP
CLIENT-2673,2023-04-26,1,55.0,2023-04-26,55.0,1,249,0,2,2,2,6,Occasionnel
CLIENT-2675,2023-09-08,1,17.1,2023-09-08,17.1,1,114,0,3,2,1,6,Nouveau
CLIENT-2678,2023-10-28,1,23.75,2023-10-28,23.75,1,64,0,4,2,1,7,Nouveau
CLIENT-2680,2023-02-11,1,114.0,2023-02-11,114.0,1,323,0,1,2,3,6,Occasionnel
CLIENT-2682,2023-01-20,1,50.0,2023-01-20,50.0,1,345,0,1,2,2,5,Inactif
CLIENT-2683,2023-04-05,1,361.0,2023-04-05,361.0,1,270,0,1,2,3,6,Occasionnel
CLIENT-2684,2023-03-25,2,139.0,2023-02-20,69.5,2,281,33,1,4,3,8,Fidèle
CLIENT-2686,2023-12-27,2,47.1,2023-01-08,23.55,2,4,353,4,4,2,10,VIP
CLIENT-2688,2023-10-27,1,170.0,2023-10-27,170.0,1,65,0,4,2,3,9,Nouveau
CLIENT-2689,2023-11-24,1,1860.0,2023-11-24,1860.0,1,37,0,4,2,4,10,VIP
CLIENT-2691,2023-08-09,2,311.5,2023-05-09,155.75,1,144,92,3,4,3,10,VIP
CLIENT-2692,2023-08-15,2,359.5,2023-01-19,179.75,2,138,208,3,4,3,10,VIP
CLIENT-2693,2023-11-16,1,17.1,2023-11-16,17.1,1,45,0,4,2,1,7,Nouveau
CLIENT-2697,2023-03-27,1,50.0,2023-03-27,50.0,1,279,0,1,2,2,5,Inactif
CLIENT-2698,2023-08-09,1,36.0,2023-08-09,36.0,1,144,0,3,2,1,6,Nouveau
CLIENT-2699,2023-12-20,1,50.0,2023-12-20,50.0,1,11,0,4,2,2,8,Nouveau
CLIENT-2701,2023-09-10,1,405.0,2023-09-10,405.0,1,112,0,3,2,4,9,Nouveau
CLIENT-2703,2023-11-25,4,217.75,2023-05-07,54.4375,3,36,202,4,4,3,11,VIP
CLIENT-2704,2023-08-28,1,25.0,2023-08-28,25.0,1,125,0,3,2,1,6,Nouveau
CLIENT-2705,2023-11-06,2,423.0,2023-08-01,211.5,2,55,97,4,4,4,12,VIP
CLIENT-2706,2023-04-21,1,252.0,2023-04-21,252.0,1,254,0,1,2,3,6,Occasionnel
CLIENT-2707,2023-12-02,1,527.0,2023-12-02,527.0,1,29,0,4,2,4,10,VIP
CLIENT-2708,2023-09-27,2,69.0,2023-09-22,34.5,1,95,5,3,4,2,9,Occasionnel
CLIENT-2712,2023-09-12,1,15.3,2023-09-12,15.3,1,110,0,3,2,1,6,Nouveau
CLIENT-2713,2023-02-25,1,102.0,2023-02-25,102.0,1,309,0,1,2,2,5,Inactif
CLIENT-2717,2023-03-07,1,765.0,2023-03-07,765.0,1,299,0,1,2,4,7,Occasionnel
CLIENT-2719,2023-12-18,1,40.0,2023-12-18,40.0,1,13,0,4,2,2,8,Nouveau
CLIENT-2720,2023-10-07,1,380.0,2023-10-07,380.0,1,85,0,3,2,3,8,Nouveau
CLIENT-2724,2023-08-22,2,130.0,2023-01-25,65.0,1,131,209,3,4,3,10,VIP
CLIENT-2725,2023-10-12,1,38.0,2023-10-12,38.0,1,80,0,3,2,2,7,Nouveau
CLIENT-2726,2023-09-18,3,1985.0,2023-04-12,661.6666666666666,2,104,159,3,4,4,11,VIP
CLIENT-2727,2023-06-14,1,10.8,2023-06-14,10.8,1,200,0,2,2,1,5,Occasionnel
CLIENT-2728,2023-07-19,1,15.0,2023-07-19,15.0,1,165,0,2,2,1,5,Occasionnel
CLIENT-2729,2023-12-01,1,36.0,2023-12-01,36.0,1,30,0,4,2,1,7,Nouveau
CLIENT-2731,2023-07-08,1,15.0,2023-07-08,15.0,1,176,0,2,2,1,5,Occasionnel
CLIENT-2732,2023-08-06,2,305.0,2023-05-19,152.5,2,147,79,3,4,3,10,VIP
CLIENT-2736,2023-01-28,1,60.0,2023-01-28,60.0,1,337,0,1,2,2,5,Inactif
CLIENT-2740,2023-09-21,2,51.0,2023-05-25,25.5,2,101,119,3,4,2,9,Occasionnel
CLIENT-2741,2023-01-17,1,30.6,2023-01-17,30.6,1,348,0,1,2,1,4,Inactif
CLIENT-2742,2023-07-19,1,12.75,2023-07-19,12.75,1,165,0,2,2,1,5,Occasionnel
CLIENT-2745,2023-12-09,3,655.5,2023-04-07,218.5,2,22,246,4,4,4,12,VIP
CLIENT-2746,2023-12-03,1,1240.0,2023-12-03,1240.0,1,28,0,4,2,4,10,VIP
CLIENT-2747,2023-11-14,1,52.25,2023-11-14,52.25,1,47,0,4,2,2,8,Nouveau
CLIENT-2749,2023-12-12,3,243.0,2023-04-20,81.0,3,19,236,4,4,3,11,VIP
CLIENT-2751,2023-05-22,1,36.0,2023-05-22,36.0,1,223,0,2,2,1,5,Occasionnel
CLIENT-2752,2023-07-21,2,165.0,2023-03-03,82.5,2,163,140,2,4,3,9,Fidèle
CLIENT-2759,2023-07-11,1,380.0,2023-07-11,380.0,1,173,0,2,2,3,7,Occasionnel
CLIENT-2763,2023-04-20,2,143.75,2023-02-21,71.875,1,255,58,1,4,3,8,Fidèle
CLIENT-2767,2023-04-06,1,130.0,2023-04-06,130.0,1,269,0,1,2,3,6,Occasionnel
CLIENT-2768,2023-11-11,3,492.25,2023-05-09,164.08333333333334,3,50,186,4,4,4,12,VIP
CLIENT-2770,2023-06-08,1,65.0,2023-06-08,65.0,1,206,0,2,2,2,6,Occasionnel
CLIENT-2771,2023-12-04,2,187.0,2023-10-06,93.5,2,27,59,4,4,3,11,VIP
CLIENT-2774,2023-03-10,1,323.0,2023-03-10,323.0,1,296,0,1,2,3,6,Occasionnel
CLIENT-2776,2023-10-22,2,172.0,2023-07-19,86.0,2,70,95,3,4,3,10,VIP
CLIENT-2777,2023-07-28,2,117.0,2023-01-21,58.5,2,156,188,2,4,3,9,Fidèle
CLIENT-2778,2023-04-17,1,125.0,2023-04-17,125.0,1,258,0,1,2,3,6,Occasionnel
CLIENT-2780,2023-02-24,1,620.0,2023-02-24,620.0,1,310,0,1,2,4,7,Occasionnel
CLIENT-2781,2023-03-08,1,361.0,2023-03-08,361.0,1,298,0,1,2,3,6,Occasionnel
CLIENT-2782,2023-08-14,2,79.5,2023-03-31,39.75,2,139,136,3,4,2,9,Occasionnel
CLIENT-2783,2023-09-21,1,380.0,2023-09-21,380.0,1,101,0,3,2,3,8,Nouveau
CLIENT-2784,2023-06-11,1,722.0,2023-06-11,722.0,1,203,0,2,2,4,8,Occasionnel
CLIENT-2786,2023-06-01,2,288.5,2023-04-02,144.25,2,213,60,2,4,3,9,Fidèle
CLIENT-2789,2023-07-14,2,510.4,2023-03-12,255.2,2,170,124,2,4,4,10,VIP
CLIENT-2792,2023-02-01,1,45.0,2023-02-01,45.0,1,333,0,1,2,2,5,Inactif
CLIENT-2794,2023-10-24,2,55.1,2023-01-04,27.55,1,68,293,4,4,2,10,VIP
CLIENT-2799,2023-04-26,1,110.0,2023-04-26,110.0,1,249,0,2,2,3,7,Occasionnel
CLIENT-2800,2023-05-26,1,114.0,2023-05-26,114.0,1,219,0,2,2,3,7,Occasionnel
CLIENT-2803,2023-10-15,3,1212.25,2023-02-24,404.0833333333333,2,77,233,3,4,4,11,VIP
CLIENT-2804,2023-12-27,2,55.25,2023-02-02,27.625,2,4,328,4,4,2,10,VIP
CLIENT-2808,2023-08-25,3,657.2,2023-05-11,219.0666666666667,3,128,106,3,4,4,11,VIP
CLIENT-2809,2023-01-08,1,90.0,2023-01-08,90.0,1,357,0,1,2,2,5,Inactif
CLIENT-2810,2023-07-05,2,1314.9,2023-05-21,657.45,2,179,45,2,4,4,10,VIP
CLIENT-2812,2023-06-02,1,18.0,2023-06-02,18.0,1,212,0,2,2,1,5,Occasionnel
CLIENT-2814,2023-10-27,2,1529.6,2023-03-17,764.8,2,65,224,4,4,4,12,VIP
CLIENT-2815,2023-12-27,2,266.25,2023-04-14,133.125,1,4,257,4,4,3,11,VIP
CLIENT-2816,2023-08-29,3,1639.0,2023-01-24,546.3333333333334,2,124,217,3,4,4,11,VIP
CLIENT-2818,2023-10-07,2,94.8,2023-08-01,47.4,2,85,67,3,4,2,9,Occasionnel
CLIENT-2819,2023-05-22,2,810.0,2023-03-22,405.0,2,223,61,2,4,4,10,VIP
CLIENT-2821,2023-11-15,2,279.0,2023-09-28,139.5,2,46,48,4,4,3,11,VIP
CLIENT-2822,2023-04-13,2,494.0,2023-03-03,247.0,2,262,41,1,4,4,9,Fidèle
CLIENT-2823,2023-12-14,2,371.8,2023-10-20,185.9,2,17,55,4,4,3,11,VIP
CLIENT-2826,2023-11-02,4,487.95,2023-01-11,121.9875,2,59,295,4,4,4,12,VIP
CLIENT-2827,2023-04-28,1,558.0,2023-04-28,558.0,1,247,0,2,2,4,8,Occasionnel
CLIENT-2828,2023-06-25,1,234.0,2023-06-25,234.0,1,189,0,2,2,3,7,Occasionnel
CLIENT-2837,2023-07-21,1,260.0,2023-07-21,260.0,1,163,0,2,2,3,7,Occasionnel
CLIENT-2838,2023-09-04,2,405.3,2023-05-09,202.65,2,118,118,3,4,4,11,VIP
CLIENT-2840,2023-12-09,3,445.4,2023-08-13,148.46666666666667,3,22,118,4,4,4,12,VIP
CLIENT-2841,2023-12-30,2,153.75,2023-03-09,76.875,2,1,296,4,4,3,11,VIP
CLIENT-2842,2023-06-18,2,97.0,2023-02-06,48.5,2,196,132,2,4,2,8,À risque
CLIENT-2845,2023-08-07,1,22.0,2023-08-07,22.0,1,146,0,3,2,1,6,Nouveau
CLIENT-2846,2023-08-11,2,395.0,2023-04-27,197.5,2,142,106,3,4,4,11,VIP
CLIENT-2847,2023-03-31,1,36.0,2023-03-31,36.0,1,275,0,1,2,1,4,Inactif
CLIENT-2848,2023-11-14,1,23.75,2023-11-14,23.75,1,47,0,4,2,1,7,Nouveau
CLIENT-2849,2023-08-06,1,323.0,2023-08-06,323.0,1,147,0,3,3,3,9,Fidèle
CLIENT-2850,2023-04-27,1,390.0,2023-04-27,390.0,1,248,0,2,3,4,9,Fidèle
CLIENT-2851,2023-06-29,1,25.5,2023-06-29,25.5,1,185,0,2,3,1,6,À risque
CLIENT-2853,2023-11-30,3,1268.0,2023-02-26,422.6666666666667,3,31,277,4,4,4,12,VIP
CLIENT-2855,2023-12-23,2,177.5,2023-05-05,88.75,2,8,232,4,4,3,11,VIP
CLIENT-2856,2023-10-10,1,68.0,2023-10-10,68.0,1,82,0,3,3,2,8,Occasionnel
CLIENT-2857,2023-09-05,4,645.5,2023-03-06,161.375,2,117,183,3,4,4,11,VIP
CLIENT-2858,2023-01-03,1,280.0,2023-01-03,280.0,1,362,0,1,3,3,7,Fidèle
CLIENT-2859,2023-05-08,1,22.0,2023-05-08,22.0,1,237,0,2,3,1,6,À risque
CLIENT-2862,2023-08-09,1,1860.0,2023-08-09,1860.0,1,144,0,3,3,4,10,VIP
CLIENT-2863,2023-09-22,2,181.4,2023-05-17,90.7,2,100,128,3,4,3,10,VIP
CLIENT-2864,2023-08-18,1,450.0,2023-08-18,450.0,1,135,0,3,3,4,10,VIP
CLIENT-2865,2023-04-15,2,1134.0,2023-01-11,567.0,1,260,94,1,4,4,9,Fidèle
CLIENT-2868,2023-12-24,2,52.0,2023-06-28,26.0,2,7,179,4,4,2,10,VIP
CLIENT-2871,2023-10-03,1,342.0,2023-10-03,342.0,1,89,0,3,3,3,9,Fidèle
CLIENT-2873,2023-10-11,2,750.0,2023-02-28,375.0,1,81,225,3,4,4,11,VIP
CLIENT-2875,2023-07-03,2,163.5,2023-02-27,81.75,2,181,126,2,4,3,9,Fidèle
CLIENT-2876,2023-10-30,3,120.0,2023-09-23,40.0,3,62,37,4,4,3,11,VIP
CLIENT-2877,2023-08-24,2,2492.75,2023-03-08,1246.375,2,129,169,3,4,4,11,VIP
CLIENT-2878,2023-04-28,1,50.0,2023-04-28,50.0,1,247,0,2,3,2,7,À risque
CLIENT-2879,2023-01-02,1,102.0,2023-01-02,102.0,1,363,0,1,3,2,6,À risque
CLIENT-2880,2023-11-19,2,654.0,2023-03-25,327.0,2,42,239,4,4,4,12,VIP
CLIENT-2884,2023-07-03,1,1581.0,2023-07-03,1581.0,1,181,0,2,3,4,9,Fidèle
CLIENT-2886,2023-09-24,1,117.0,2023-09-24,117.0,1,98,0,3,3,3,9,Fidèle
CLIENT-2888,2023-05-10,1,427.5,2023-05-10,427.5,1,235,0,2,3,4,9,Fidèle
CLIENT-2889,2023-07-04,1,80.0,2023-07-04,80.0,1,180,0,2,3,2,7,À risque
CLIENT-2890,2023-01-19,1,233.75,2023-01-19,233.75,1,346,0,1,3,3,7,Fidèle
CLIENT-2895,2023-11-18,1,30.0,2023-11-18,30.0,1,43,0,4,3,1,8,Occasionnel
CLIENT-2896,2023-07-22,1,54.0,2023-07-22,54.0,1,162,0,2,3,2,7,À risque
CLIENT-2898,2023-09-20,2,258.75,2023-08-31,129.375,2,102,20,3,4,3,10,VIP
CLIENT-2900,2023-08-24,1,7.2,2023-08-24,7.2,1,129,0,3,3,1,7,Occasionnel
CLIENT-2901,2023-03-23,1,40.0,2023-03-23,40.0,1,283,0,1,3,2,6,À risque
CLIENT-2902,2023-02-08,1,450.0,2023-02-08,450.0,1,326,0,1,3,4,8,Fidèle
CLIENT-2903,2023-04-03,1,30.0,2023-04-03,30.0,1,272,0,1,3,1,5,À risque
CLIENT-2904,2023-08-05,1,204.0,2023-08-05,204.0,1,148,0,3,3,3,9,Fidèle
CLIENT-2905,2023-11-25,1,18.0,2023-11-25,18.0,1,36,0,4,3,1,8,Occasionnel
CLIENT-2906,2023-05-16,1,130.0,2023-05-16,130.0,1,229,0,2,3,3,8,Fidèle
CLIENT-2910,2023-06-27,1,855.0,2023-06-27,855.0,1,187,0,2,3,4,9,Fidèle
CLIENT-2914,2023-11-11,3,107.75,2023-05-31,35.916666666666664,3,50,164,4,4,3,11,VIP
CLIENT-2915,2023-12-28,1,650.0,2023-12-28,650.0,1,3,0,4,3,4,11,VIP
CLIENT-2918,2023-10-05,3,605.9,2023-05-04,201.96666666666667,3,87,154,3,4,4,11,VIP
CLIENT-2920,2023-11-27,2,406.0,2023-04-26,203.0,2,34,215,4,4,4,12,VIP
CLIENT-2923,2023-02-19,1,14.4,2023-02-19,14.4,1,315,0,1,3,1,5,À risque
CLIENT-2924,2023-09-04,1,1116.0,2023-09-04,1116.0,1,118,0,3,3,4,10,VIP
CLIENT-2927,2023-05-17,3,491.75,2023-01-09,163.91666666666666,3,228,128,2,4,4,10,VIP
CLIENT-2928,2023-05-03,1,15.0,2023-05-03,15.0,1,242,0,2,3,1,6,À risque
CLIENT-2929,2023-03-05,1,22.0,2023-03-05,22.0,1,301,0,1,3,1,5,À risque
CLIENT-2932,2023-09-26,1,80.0,2023-09-26,80.0,1,96,0,3,3,2,8,Occasionnel
CLIENT-2933,2023-04-03,1,496.0,2023-04-03,496.0,1,272,0,1,3,4,8,Fidèle
CLIENT-2935,2023-08-18,1,15.3,2023-08-18,15.3,1,135,0,3,3,1,7,Occasionnel
CLIENT-2937,2023-01-05,1,30.0,2023-01-05,30.0,1,360,0,1,3,1,5,À risque
CLIENT-2940,2023-10-02,3,258.0,2023-08-26,86.0,3,90,37,3,4,3,10,VIP
CLIENT-2941,2023-07-24,1,130.0,2023-07-24,130.0,1,160,0,2,3,3,8,Fidèle
CLIENT-2943,2023-10-19,2,428.0,2023-03-18,214.0,1,73,215,3,4,4,11,VIP
CLIENT-2944,2023-07-02,1,252.0,2023-07-02,252.0,1,182,0,2,3,3,8,Fidèle
CLIENT-2946,2023-07-12,3,128.75,2023-04-17,42.916666666666664,3,172,86,2,4,3,9,Fidèle
CLIENT-2948,2023-04-28,2,30.4,2023-03-20,15.2,1,247,39,2,4,1,7,À risque
CLIENT-2949,2023-10-31,1,7.6,2023-10-31,7.6,1,61,0,4,3,1,8,Occasionnel
CLIENT-2950,2023-11-04,2,187.0,2023-06-17,93.5,2,57,140,4,4,3,11,VIP
CLIENT-2951,2023-10-26,2,990.0,2023-06-22,495.0,1,66,126,4,4,4,12,VIP
CLIENT-2952,2023-08-18,1,15.3,2023-08-18,15.3,1,135,0,3,3,1,7,Occasionnel
CLIENT-2954,2023-11-25,3,984.0,2023-04-07,328.0,2,36,232,4,4,4,12,VIP
CLIENT-2955,2023-12-21,2,1010.0,2023-09-20,505.0,1,10,92,4,4,4,12,VIP
CLIENT-2956,2023-06-09,2,543.0,2023-01-16,271.5,2,205,144,2,4,4,10,VIP
CLIENT-2959,2023-07-31,1,25.0,2023-07-31,25.0,1,153,0,2,3,1,6,À risque
CLIENT-2965,2023-12-03,1,361.0,2023-12-03,361.0,1,28,0,4,3,3,10,VIP
CLIENT-2974,2023-09-29,2,90.6,2023-07-13,45.3,1,93,78,3,4,2,9,Occasionnel
CLIENT-2976,2023-07-16,2,150.0,2023-01-19,75.0,2,168,178,2,4,3,9,Fidèle
CLIENT-2979,2023-10-17,1,360.0,2023-10-17,360.0,1,75,0,3,3,3,9,Fidèle
CLIENT-2980,2023-04-04,1,24.0,2023-04-04,24.0,1,271,0,1,3,1,5,À risque
CLIENT-2981,2023-09-08,1,216.0,2023-09-08,216.0,1,114,0,3,3,3,9,Fidèle
CLIENT-2983,2023-07-17,3,1290.0,2023-05-20,430.0,2,167,58,2,4,4,10,VIP
CLIENT-2987,2023-12-22,1,55.0,2023-12-22,55.0,1,9,0,4,3,2,9,Occasionnel
CLIENT-2990,2023-06-18,1,3100.0,2023-06-18,3100.0,1,196,0,2,3,4,9,Fidèle
CLIENT-2995,2023-10-13,1,76.5,2023-10-13,76.5,1,79,0,3,3,2,8,Occasionnel
CLIENT-2996,2023-11-13,1,90.0,2023-11-13,90.0,1,48,0,4,3,2,9,Occasionnel
CLIENT-2998,2023-01-21,1,15.0,2023-01-21,15.0,1,344,0,1,3,1,5,À risque
CLIENT-3000,2023-09-06,1,18.0,2023-09-06,18.0,1,116,0,3,3,1,7,Occasionnel
CLIENT-3002,2023-10-30,2,196.0,2023-06-18,98.0,1,62,134,4,4,3,11,VIP
CLIENT-3003,2023-11-02,1,120.0,2023-11-02,120.0,1,59,0,4,3,3,10,VIP
CLIENT-3004,2023-02-27,1,55.0,2023-02-27,55.0,1,307,0,1,3,2,6,À risque
CLIENT-3005,2023-11-18,1,15.0,2023-11-18,15.0,1,43,0,4,3,1,8,Occasionnel
CLIENT-3006,2023-09-11,2,1039.0,2023-02-10,519.5,1,111,213,3,4,4,11,VIP
CLIENT-3009,2023-02-20,1,36.0,2023-02-20,36.0,1,314,0,1,3,1,5,À risque
CLIENT-3010,2023-09-25,1,50.0,2023-09-25,50.0,1,97,0,3,3,2,8,Occasionnel
CLIENT-3012,2023-12-29,3,496.2,2023-10-22,165.4,3,2,68,4,4,4,12,VIP
CLIENT-3013,2023-11-09,1,240.0,2023-11-09,240.0,1,52,0,4,3,3,10,VIP
CLIENT-3014,2023-11-28,3,726.25,2023-04-15,242.08333333333334,2,33,227,4,4,4,12,VIP
CLIENT-3016,2023-03-11,1,15.3,2023-03-11,15.3,1,295,0,1,3,1,5,À risque
CLIENT-3017,2023-10-01,1,76.0,2023-10-01,76.0,1,91,0,3,3,2,8,Occasionnel
CLIENT-3020,2023-08-14,1,6.4,2023-08-14,6.4,1,139,0,3,3,1,7,Occasionnel
CLIENT-3021,2023-04-16,1,18.0,2023-04-16,18.0,1,259,0,1,3,1,5,À risque
CLIENT-3026,2023-06-29,1,27.0,2023-06-29,27.0,1,185,0,2,3,1,6,À risque
CLIENT-3027,2023-10-19,2,192.0,2023-07-15,96.0,2,73,96,3,4,3,10,VIP
CLIENT-3029,2023-02-13,1,2250.0,2023-02-13,2250.0,1,321,0,1,3,4,8,Fidèle
CLIENT-3030,2023-02-18,1,50.0,2023-02-18,50.0,1,316,0,1,3,2,6,À risque
CLIENT-3034,2023-12-03,1,532.0,2023-12-03,532.0,1,28,0,4,3,4,11,VIP
CLIENT-3035,2023-05-30,1,620.0,2023-05-30,620.0,1,215,0,2,3,4,9,Fidèle
CLIENT-3038,2023-04-30,1,117.0,2023-04-30,117.0,1,245,0,2,3,3,8,Fidèle
CLIENT-3040,2023-06-07,1,25.0,2023-06-07,25.0,1,207,0,2,3,1,6,À risque
CLIENT-3044,2023-11-03,2,314.0,2023-08-08,157.0,2,58,87,4,4,3,11,VIP
CLIENT-3045,2023-08-25,1,42.75,2023-08-25,42.75,1,128,0,3,3,2,8,Occasionnel
CLIENT-3046,2023-12-29,1,148.5,2023-12-29,148.5,1,2,0,4,3,3,10,VIP
CLIENT-3047,2023-02-03,1,15.0,2023-02-03,15.0,1,331,0,1,3,1,5,À risque
CLIENT-3048,2023-09-27,1,19.2,2023-09-27,19.2,1,95,0,3,3,1,7,Occasionnel
CLIENT-3049,2023-02-26,1,228.0,2023-02-26,228.0,1,308,0,1,3,3,7,Fidèle
CLIENT-3056,2023-11-14,1,1800.0,2023-11-14,1800.0,1,47,0,4,3,4,11,VIP
CLIENT-3058,2023-04-11,2,369.0,2023-02-15,184.5,2,264,55,1,4,3,8,Fidèle
CLIENT-3059,2023-01-06,1,38.0,2023-01-06,38.0,1,359,0,1,3,2,6,À risque
CLIENT-3060,2023-11-24,1,22.0,2023-11-24,22.0,1,37,0,4,3,1,8,Occasionnel
CLIENT-3061,2023-09-26,1,50.0,2023-09-26,50.0,1,96,0,3,3,2,8,Occasionnel
CLIENT-3063,2023-09-18,2,46.0,2023-07-26,23.0,2,104,54,3,4,2,9,Occasionnel
CLIENT-3065,2023-10-05,4,513.75,2023-02-14,128.4375,3,87,233,3,4,4,11,VIP
CLIENT-3066,2023-11-12,1,20.4,2023-11-12,20.4,1,49,0,4,3,1,8,Occasionnel
CLIENT-3068,2023-12-01,1,65.0,2023-12-01,65.0,1,30,0,4,3,2,9,Occasionnel
CLIENT-3071,2023-09-03,2,425.0,2023-08-23,212.5,1,119,11,3,4,4,11,VIP
CLIENT-3075,2023-03-17,1,30.0,2023-03-17,30.0,1,289,0,1,3,1,5,À risque
CLIENT-3076,2023-09-21,1,25.0,2023-09-21,25.0,1,101,0,3,3,1,7,Occasionnel
CLIENT-3077,2023-12-16,1,18.0,2023-12-16,18.0,1,15,0,4,3,1,8,Occasionnel
CLIENT-3078,2023-02-04,1,589.0,2023-02-04,589.0,1,330,0,1,3,4,8,Fidèle
CLIENT-3080,2023-10-19,1,38.0,2023-10-19,38.0,1,73,0,3,3,2,8,Occasionnel
CLIENT-3082,2023-03-27,2,1154.25,2023-02-01,577.125,2,279,54,1,4,4,9,Fidèle
CLIENT-3083,2023-09-29,2,35.4,2023-09-06,17.7,1,93,23,3,4,1,8,Occasionnel
CLIENT-3084,2023-12-26,1,99.0,2023-12-26,99.0,1,5,0,4,3,2,9,Occasionnel
CLIENT-3085,2023-06-29,1,10.8,2023-06-29,10.8,1,185,0,2,3,1,6,À risque
CLIENT-3087,2023-12-07,2,99.0,2023-10-02,49.5,1,24,66,4,4,2,10,VIP
CLIENT-3090,2023-05-06,1,47.5,2023-05-06,47.5,1,239,0,2,3,2,7,À risque
CLIENT-3092,2023-11-08,1,14.25,2023-11-08,14.25,1,53,0,4,3,1,8,Occasionnel
CLIENT-3093,2023-04-11,1,255.0,2023-04-11,255.0,1,264,0,1,3,3,7,Fidèle
CLIENT-3095,2023-09-28,5,616.0,2023-03-19,123.2,3,94,193,3,4,4,11,VIP
CLIENT-3098,2023-06-29,1,40.0,2023-06-29,40.0,1,185,0,2,3,2,7,À risque
CLIENT-3099,2023-10-30,3,1298.3,2023-04-02,432.76666666666665,2,62,211,4,4,4,12,VIP
CLIENT-3102,2023-04-09,1,620.0,2023-04-09,620.0,1,266,0,1,3,4,8,Fidèle
CLIENT-3103,2023-05-25,1,18.0,2023-05-25,18.0,1,220,0,2,3,1,6,À risque
CLIENT-3106,2023-07-23,1,380.0,2023-07-23,380.0,1,161,0,2,3,3,8,Fidèle
CLIENT-3108,2023-11-29,1,36.0,2023-11-29,36.0,1,32,0,4,3,1,8,Occasionnel
CLIENT-3120,2023-04-20,1,2137.5,2023-04-20,2137.5,1,255,0,1,3,4,8,Fidèle
CLIENT-3121,2023-08-22,2,45.0,2023-01-11,22.5,1,131,223,3,4,2,9,Occasionnel
CLIENT-3122,2023-05-24,2,143.75,2023-04-08,71.875,1,221,46,2,4,3,9,Fidèle
CLIENT-3123,2023-07-02,1,130.0,2023-07-02,130.0,1,182,0,2,3,3,8,Fidèle
CLIENT-3124,2023-02-26,1,427.5,2023-02-26,427.5,1,308,0,1,3,4,8,Fidèle
CLIENT-3126,2023-10-11,2,80.0,2023-02-05,40.0,2,81,248,3,4,2,9,Occasionnel
CLIENT-3127,2023-07-18,2,630.2,2023-04-19,315.1,2,166,90,2,4,4,10,VIP
CLIENT-3128,2023-11-24,1,360.0,2023-11-24,360.0,1,37,0,4,3,3,10,VIP
CLIENT-3130,2023-12-25,1,370.5,2023-12-25,370.5,1,6,0,4,3,3,10,VIP
CLIENT-3131,2023-03-23,1,427.5,2023-03-23,427.5,1,283,0,1,3,4,8,Fidèle
CLIENT-3134,2023-11-26,1,18.0,2023-11-26,18.0,1,35,0,4,3,1,8,Occasionnel
CLIENT-3135,2023-01-11,1,135.0,2023-01-11,135.0,1,354,0,1,3,3,7,Fidèle
CLIENT-3137,2023-01-14,1,30.0,2023-01-14,30.0,1,351,0,1,3,1,5,À risque
CLIENT-3138,2023-12-04,1,30.0,2023-12-04,30.0,1,27,0,4,3,1,8,Occasionnel
CLIENT-3140,2023-01-17,1,170.0,2023-01-17,170.0,1,348,0,1,3,3,7,Fidèle
CLIENT-3145,2023-10-20,1,16.2,2023-10-20,16.2,1,72,0,3,3,1,7,Occasionnel
CLIENT-3146,2023-11-21,1,75.0,2023-11-21,75.0,1,40,0,4,3,2,9,Occasionnel
CLIENT-3148,2023-01-16,1,35.2,2023-01-16,35.2,1,349,0,1,3,1,5,À risque
CLIENT-3150,2023-08-24,2,36.5,2023-07-10,18.25,2,129,45,3,4,2,9,Occasionnel
CLIENT-3153,2023-12-17,1,54.0,2023-12-17,54.0,1,14,0,4,3,2,9,Occasionnel
CLIENT-3154,2023-11-29,2,130.0,2023-01-21,65.0,2,32,312,4,4,3,11,VIP
CLIENT-3158,2023-08-20,1,390.0,2023-08-20,390.0,1,133,0,3,3,4,10,VIP
CLIENT-3160,2023-10-22,2,93.1,2023-08-14,46.55,2,70,69,3,4,2,9,Occasionnel
CLIENT-3162,2023-07-15,1,44.0,2023-07-15,44.0,1,169,0,2,3,2,7,À risque
CLIENT-3165,2023-12-17,1,1350.0,2023-12-17,1350.0,1,14,0,4,3,4,11,VIP
CLIENT-3166,2023-11-24,2,490.0,2023-04-30,245.0,2,37,208,4,4,4,12,VIP
CLIENT-3167,2023-10-20,1,22.0,2023-10-20,22.0,1,72,0,3,3,1,7,Occasionnel
CLIENT-3168,2023-09-04,1,275.0,2023-09-04,275.0,1,118,0,3,3,3,9,Fidèle
CLIENT-3171,2023-05-20,1,20.9,2023-05-20,20.9,1,225,0,2,3,1,6,À risque
CLIENT-3172,2023-08-13,3,706.9,2023-01-03,235.63333333333333,3,140,222,3,4,4,11,VIP
CLIENT-3173,2023-09-14,1,20.9,2023-09-14,20.9,1,108,0,3,3,1,7,Occasionnel
CLIENT-3176,2023-04-06,1,221.0,2023-04-06,221.0,1,269,0,1,3,3,7,Fidèle
CLIENT-3177,2023-07-20,1,22.5,2023-07-20,22.5,1,164,0,2,3,1,6,À risque
CLIENT-3178,2023-05-19,1,255.0,2023-05-19,255.0,1,226,0,2,3,3,8,Fidèle
CLIENT-3181,2023-05-09,2,1292.0,2023-01-04,646.0,1,236,125,2,4,4,10,VIP
CLIENT-3182,2023-06-23,1,266.0,2023-06-23,266.0,1,191,0,2,3,3,8,Fidèle
CLIENT-3185,2023-12-14,3,1423.0,2023-02-19,474.3333333333333,3,17,298,4,4,4,12,VIP
CLIENT-3187,2023-01-16,1,620.0,2023-01-16,620.0,1,349,0,1,3,4,8,Fidèle
CLIENT-3190,2023-03-22,1,427.5,2023-03-22,427.5,1,284,0,1,3,4,8,Fidèle
CLIENT-3193,2023-12-14,1,18.0,2023-12-14,18.0,1,17,0,4,3,1,8,Occasionnel
CLIENT-3194,2023-01-15,1,900.0,2023-01-15,900.0,1,350,0,1,3,4,8,Fidèle
CLIENT-3196,2023-08-28,4,1232.0,2023-01-01,308.0,2,125,239,3,4,4,11,VIP
CLIENT-3199,2023-05-01,1,42.75,2023-05-01,42.75,1,244,0,2,3,2,7,À risque
CLIENT-3200,2023-04-01,1,427.5,2023-04-01,427.5,1,274,0,1,3,4,8,Fidèle
CLIENT-3201,2023-07-17,2,907.0,2023-01-24,453.5,1,167,174,2,4,4,10,VIP
CLIENT-3202,2023-09-30,1,468.0,2023-09-30,468.0,1,92,0,3,3,4,10,VIP
CLIENT-3204,2023-10-16,1,1140.0,2023-10-16,1140.0,1,76,0,3,3,4,10,VIP
CLIENT-3206,2023-04-03,1,1860.0,2023-04-03,1860.0,1,272,0,1,3,4,8,Fidèle
CLIENT-3207,2023-11-13,3,1243.5,2023-04-18,414.5,3,48,209,4,4,4,12,VIP
CLIENT-3208,2023-09-23,1,2945.0,2023-09-23,2945.0,1,99,0,3,3,4,10,VIP
CLIENT-3210,2023-09-09,1,260.0,2023-09-09,260.0,1,113,0,3,3,3,9,Fidèle
CLIENT-3212,2023-01-12,1,12.0,2023-01-12,12.0,1,353,0,1,3,1,5,À risque
CLIENT-3216,2023-02-16,1,16.2,2023-02-16,16.2,1,318,0,1,3,1,5,À risque
CLIENT-3217,2023-08-29,2,59.4,2023-04-10,29.7,2,124,141,3,4,2,9,Occasionnel
CLIENT-3218,2023-08-02,1,280.0,2023-08-02,280.0,1,151,0,2,3,3,8,Fidèle
CLIENT-3219,2023-06-20,1,32.0,2023-06-20,32.0,1,194,0,2,3,1,6,À risque
CLIENT-3220,2023-02-20,1,110.5,2023-02-20,110.5,1,314,0,1,3,3,7,Fidèle
CLIENT-3221,2023-05-18,1,22.5,2023-05-18,22.5,1,227,0,2,3,1,6,À risque
CLIENT-3222,2023-01-12,1,45.0,2023-01-12,45.0,1,353,0,1,3,2,6,À risque
CLIENT-3224,2023-06-30,3,1206.0,2023-02-12,402.0,2,184,138,2,4,4,10,VIP
CLIENT-3225,2023-08-22,1,15.0,2023-08-22,15.0,1,131,0,3,3,1,7,Occasionnel
CLIENT-3226,2023-11-15,2,323.0,2023-03-10,161.5,1,46,250,4,4,3,11,VIP
CLIENT-3230,2023-02-17,1,2250.0,2023-02-17,2250.0,1,317,0,1,3,4,8,Fidèle
CLIENT-3231,2023-08-08,1,60.0,2023-08-08,60.0,1,145,0,3,3,2,8,Occasionnel
CLIENT-3232,2023-08-06,1,380.0,2023-08-06,380.0,1,147,0,3,3,3,9,Fidèle
CLIENT-3233,2023-12-28,1,38.25,2023-12-28,38.25,1,3,0,4,3,2,9,Occasionnel
CLIENT-3234,2023-09-15,1,7.2,2023-09-15,7.2,1,107,0,3,3,1,7,Occasionnel
CLIENT-3237,2023-02-12,1,52.25,2023-02-12,52.25,1,322,0,1,3,2,6,À risque
CLIENT-3239,2023-08-23,1,148.5,2023-08-23,148.5,1,130,0,3,3,3,9,Fidèle
CLIENT-3241,2023-08-04,1,21.25,2023-08-04,21.25,1,149,0,2,3,1,6,À risque
CLIENT-3242,2023-05-31,1,80.75,2023-05-31,80.75,1,214,0,2,3,2,7,À risque
CLIENT-3244,2023-11-26,1,36.0,2023-11-26,36.0,1,35,0,4,3,1,8,Occasionnel
CLIENT-3245,2023-04-15,1,72.0,2023-04-15,72.0,1,260,0,1,3,2,6,À risque
CLIENT-3246,2023-11-12,1,72.0,2023-11-12,72.0,1,49,0,4,3,2,9,Occasionnel
CLIENT-3249,2023-01-19,1,240.0,2023-01-19,240.0,1,346,0,1,3,3,7,Fidèle
CLIENT-3252,2023-02-10,2,1154.0,2023-02-06,577.0,2,324,4,1,4,4,9,Fidèle
CLIENT-3254,2023-08-17,4,272.0,2023-01-05,68.0,3,136,224,3,4,3,10,VIP
CLIENT-3255,2023-03-10,1,24.0,2023-03-10,24.0,1,296,0,1,3,1,5,À risque
CLIENT-3258,2023-08-01,2,1307.5,2023-01-26,653.75,2,152,187,2,4,4,10,VIP
CLIENT-3259,2023-02-07,1,80.0,2023-02-07,80.0,1,327,0,1,3,2,6,À risque
CLIENT-3260,2023-07-25,2,118.0,2023-06-23,59.0,1,159,32,2,4,3,9,Fidèle
CLIENT-3261,2023-05-07,2,40.85,2023-03-16,20.425,1,238,52,2,4,2,8,À risque
CLIENT-3263,2023-02-21,1,25.0,2023-02-21,25.0,1,313,0,1,3,1,5,À risque
CLIENT-3264,2023-09-09,2,1809.0,2023-07-03,904.5,1,113,68,3,4,4,11,VIP
CLIENT-3267,2023-06-15,1,75.0,2023-06-15,75.0,1,199,0,2,3,2,7,À risque
CLIENT-3270,2023-01-25,1,16.2,2023-01-25,16.2,1,340,0,1,3,1,5,À risque
CLIENT-3272,2023-02-23,1,450.0,2023-02-23,450.0,1,311,0,1,3,4,8,Fidèle
CLIENT-3273,2023-12-13,2,56.4,2023-06-21,28.2,2,18,175,4,4,2,10,VIP
CLIENT-3277,2023-12-10,1,756.0,2023-12-10,756.0,1,21,0,4,3,4,11,VIP
CLIENT-3278,2023-01-27,1,380.0,2023-01-27,380.0,1,338,0,1,3,3,7,Fidèle
CLIENT-3280,2023-01-27,1,67.5,2023-01-27,67.5,1,338,0,1,3,2,6,À risque
CLIENT-3281,2023-01-02,1,323.0,2023-01-02,323.0,1,363,0,1,3,3,7,Fidèle
CLIENT-3282,2023-05-26,1,216.0,2023-05-26,216.0,1,219,0,2,3,3,8,Fidèle
CLIENT-3287,2023-06-04,3,122.25,2023-04-17,40.75,2,210,48,2,4,3,9,Fidèle
CLIENT-3289,2023-01-11,1,128.25,2023-01-11,128.25,1,354,0,1,3,3,7,Fidèle
CLIENT-3290,2023-06-25,1,7.6,2023-06-25,7.6,1,189,0,2,3,1,6,À risque
CLIENT-3293,2023-05-06,1,340.0,2023-05-06,340.0,1,239,0,2,3,3,8,Fidèle
CLIENT-3295,2023-09-14,2,1224.0,2023-07-26,612.0,2,108,50,3,4,4,11,VIP
CLIENT-3297,2023-08-13,2,142.0,2023-02-11,71.0,2,140,183,3,4,3,10,VIP
CLIENT-3300,2023-12-25,1,18.0,2023-12-25,18.0,1,6,0,4,3,1,8,Occasionnel
CLIENT-3302,2023-04-12,2,245.0,2023-02-12,122.5,1,263,59,1,4,3,8,Fidèle
CLIENT-3303,2023-06-14,2,97.5,2023-03-28,48.75,2,200,78,2,4,2,8,À risque
CLIENT-3305,2023-11-15,1,76.5,2023-11-15,76.5,1,46,0,4,3,2,9,Occasionnel
CLIENT-3307,2023-11-22,1,30.4,2023-11-22,30.4,1,39,0,4,3,1,8,Occasionnel
CLIENT-3311,2023-01-13,1,18.0,2023-01-13,18.0,1,352,0,1,3,1,5,À risque
CLIENT-3314,2023-12-11,2,377.0,2023-03-25,188.5,1,20,261,4,4,3,11,VIP
CLIENT-3315,2023-10-05,1,1116.0,2023-10-05,1116.0,1,87,0,3,3,4,10,VIP
CLIENT-3316,2023-06-16,3,336.2,2023-03-11,112.06666666666666,2,198,97,2,4,3,9,Fidèle
CLIENT-3318,2023-05-10,1,123.5,2023-05-10,123.5,1,235,0,2,3,3,8,Fidèle
CLIENT-3321,2023-02-22,1,23.75,2023-02-22,23.75,1,312,0,1,3,1,5,À risque
CLIENT-3322,2023-10-15,1,30.0,2023-10-15,30.0,1,77,0,3,3,1,7,Occasionnel
CLIENT-3324,2023-08-13,2,99.5,2023-01-28,49.75,1,140,197,3,4,2,9,Occasionnel
CLIENT-3326,2023-11-09,2,40.0,2023-05-22,20.0,1,52,171,4,4,2,10,VIP
CLIENT-3328,2023-06-10,1,114.0,2023-06-10,114.0,1,204,0,2,3,3,8,Fidèle
CLIENT-3329,2023-07-22,1,380.0,2023-07-22,380.0,1,162,0,2,3,3,8,Fidèle
CLIENT-3330,2023-12-07,1,12.0,2023-12-07,12.0,1,24,0,4,3,1,8,Occasionnel
CLIENT-3331,2023-07-06,2,52.2,2023-06-08,26.1,2,178,28,2,4,2,8,À risque
CLIENT-3333,2023-07-28,1,135.0,2023-07-28,135.0,1,156,0,2,3,3,8,Fidèle
CLIENT-3336,2023-11-15,1,65.0,2023-11-15,65.0,1,46,0,4,3,2,9,Occasionnel
CLIENT-3340,2023-04-22,2,151.25,2023-03-15,75.625,2,253,38,1,4,3,8,Fidèle
CLIENT-3341,2023-12-12,1,12.0,2023-12-12,12.0,1,19,0,4,3,1,8,Occasionnel
CLIENT-3342,2023-02-23,1,36.0,2023-02-23,36.0,1,311,0,1,3,1,5,À risque
CLIENT-3343,2023-08-02,2,45.0,2023-02-08,22.5,2,151,175,2,4,2,8,À risque
CLIENT-3344,2023-11-04,2,157.0,2023-09-08,78.5,1,57,57,4,4,3,11,VIP
CLIENT-3345,2023-12-24,2,173.0,2023-03-15,86.5,2,7,284,4,4,3,11,VIP
CLIENT-3346,2023-12-25,2,614.0,2023-06-16,307.0,2,6,192,4,4,4,12,VIP
CLIENT-3349,2023-05-30,1,25.0,2023-05-30,25.0,1,215,0,2,3,1,6,À risque
CLIENT-3351,2023-10-04,2,86.45,2023-05-05,43.225,2,88,152,3,4,2,9,Occasionnel
CLIENT-3352,2023-10-06,1,14.25,2023-10-06,14.25,1,86,0,3,3,1,7,Occasionnel
CLIENT-3353,2023-06-15,1,47.5,2023-06-15,47.5,1,199,0,2,3,2,7,À risque
CLIENT-3354,2023-02-28,2,122.25,2023-02-07,61.125,2,306,21,1,4,3,8,Fidèle
CLIENT-3355,2023-10-27,1,247.0,2023-10-27,247.0,1,65,0,4,3,3,10,VIP
CLIENT-3358,2023-08-14,2,425.0,2023-01-12,212.5,1,139,214,3,4,4,11,VIP
CLIENT-3359,2023-04-22,1,450.0,2023-04-22,450.0,1,253,0,1,3,4,8,Fidèle
CLIENT-3360,2023-12-06,1,40.0,2023-12-06,40.0,1,25,0,4,3,2,9,Occasionnel
CLIENT-3361,2023-03-06,1,120.0,2023-03-06,120.0,1,300,0,1,3,3,7,Fidèle
CLIENT-3362,2023-12-16,2,62.5,2023-08-08,31.25,1,15,130,4,4,2,10,VIP
CLIENT-3367,2023-03-13,1,67.5,2023-03-13,67.5,1,293,0,1,3,2,6,À risque
CLIENT-3372,2023-11-30,1,41.8,2023-11-30,41.8,1,31,0,4,3,2,9,Occasionnel
CLIENT-3373,2023-06-19,2,464.25,2023-01-30,232.125,2,195,140,2,4,4,10,VIP
CLIENT-3376,2023-05-18,1,85.0,2023-05-18,85.0,1,227,0,2,3,2,7,À risque
CLIENT-3377,2023-06-01,1,494.0,2023-06-01,494.0,1,213,0,2,3,4,9,Fidèle
CLIENT-3378,2023-08-25,1,104.5,2023-08-25,104.5,1,128,0,3,3,3,9,Fidèle
CLIENT-3381,2023-09-02,1,27.0,2023-09-02,27.0,1,120,0,3,3,1,7,Occasionnel
CLIENT-3383,2023-05-27,2,811.3,2023-04-03,405.65,2,218,54,2,4,4,10,VIP
CLIENT-3385,2023-01-08,1,40.5,2023-01-08,40.5,1,357,0,1,3,2,6,À risque
CLIENT-3386,2023-01-31,1,390.0,2023-01-31,390.0,1,334,0,1,3,4,8,Fidèle
CLIENT-3387,2023-04-09,1,16.2,2023-04-09,16.2,1,266,0,1,3,1,5,À risque
CLIENT-3388,2023-03-20,1,342.0,2023-03-20,342.0,1,286,0,1,3,3,7,Fidèle
CLIENT-3389,2023-07-28,1,30.6,2023-07-28,30.6,1,156,0,2,3,1,6,À risque
CLIENT-3390,2023-02-11,2,68.4,2023-01-06,34.2,2,323,36,1,4,2,7,À risque
CLIENT-3395,2023-09-25,1,36.0,2023-09-25,36.0,1,97,0,3,3,1,7,Occasionnel
CLIENT-3396,2023-07-06,1,120.0,2023-07-06,120.0,1,178,0,2,3,3,8,Fidèle
CLIENT-3398,2023-11-14,2,72.75,2023-06-07,36.375,1,47,160,4,4,2,10,VIP
CLIENT-3399,2023-10-13,1,195.0,2023-10-13,195.0,1,79,0,3,3,3,9,Fidèle
CLIENT-3400,2023-04-09,1,15.0,2023-04-09,15.0,1,266,0,1,3,1,5,À risque
CLIENT-3401,2023-09-15,1,380.0,2023-09-15,380.0,1,107,0,3,3,3,9,Fidèle
CLIENT-3402,2023-09-20,1,23.75,2023-09-20,23.75,1,102,0,3,3,1,7,Occasionnel
CLIENT-3403,2023-09-16,1,1860.0,2023-09-16,1860.0,1,106,0,3,3,4,10,VIP
CLIENT-3404,2023-12-19,2,323.0,2023-09-29,161.5,2,12,81,4,4,3,11,VIP
CLIENT-3405,2023-05-22,1,760.0,2023-05-22,760.0,1,223,0,2,3,4,9,Fidèle
CLIENT-3412,2023-12-29,1,76.5,2023-12-29,76.5,1,2,0,4,3,2,9,Occasionnel
CLIENT-3414,2023-11-18,3,786.0,2023-09-04,262.0,2,43,75,4,4,4,12,VIP
CLIENT-3415,2023-11-07,2,1876.0,2023-03-15,938.0,2,54,237,4,4,4,12,VIP
CLIENT-3419,2023-05-22,1,90.0,2023-05-22,90.0,1,223,0,2,3,2,7,À risque
CLIENT-3420,2023-08-30,3,546.0,2023-05-05,182.0,3,123,117,3,4,4,11,VIP
CLIENT-3423,2023-05-17,1,68.0,2023-05-17,68.0,1,228,0,2,3,2,7,À risque
CLIENT-3425,2023-09-13,1,108.0,2023-09-13,108.0,1,109,0,3,3,3,9,Fidèle
CLIENT-3426,2023-01-14,1,108.0,2023-01-14,108.0,1,351,0,1,3,3,7,Fidèle
CLIENT-3427,2023-05-03,1,361.0,2023-05-03,361.0,1,242,0,2,3,3,8,Fidèle
CLIENT-3429,2023-01-28,1,30.0,2023-01-28,30.0,1,337,0,1,3,1,5,À risque
CLIENT-3430,2023-12-20,2,1327.5,2023-08-10,663.75,1,11,132,4,4,4,12,VIP
CLIENT-3432,2023-08-01,2,75.0,2023-02-17,37.5,2,152,165,2,4,2,8,À risque
CLIENT-3433,2023-06-08,1,14.4,2023-06-08,14.4,1,206,0,2,3,1,6,À risque
CLIENT-3434,2023-11-18,1,2108.0,2023-11-18,2108.0,1,43,0,4,3,4,11,VIP
CLIENT-3435,2023-12-05,1,13.5,2023-12-05,13.5,1,26,0,4,3,1,8,Occasionnel
CLIENT-3439,2023-02-22,1,22.5,2023-02-22,22.5,1,312,0,1,3,1,5,À risque
CLIENT-3440,2023-08-19,1,476.0,2023-08-19,476.0,1,134,0,3,3,4,10,VIP
CLIENT-3444,2023-03-30,1,10.2,2023-03-30,10.2,1,276,0,1,3,1,5,À risque
CLIENT-3445,2023-08-21,2,78.75,2023-01-25,39.375,2,132,208,3,4,2,9,Occasionnel
CLIENT-3446,2023-06-05,2,114.0,2023-01-26,57.0,2,209,130,2,4,3,9,Fidèle
CLIENT-3447,2023-05-08,2,55.2,2023-04-08,27.6,2,237,30,2,4,2,8,À risque
CLIENT-3451,2023-10-09,1,18.0,2023-10-09,18.0,1,83,0,3,3,1,7,Occasionnel
CLIENT-3452,2023-09-11,1,11.4,2023-09-11,11.4,1,111,0,3,3,1,7,Occasionnel
CLIENT-3455,2023-06-28,1,130.0,2023-06-28,130.0,1,186,0,2,3,3,8,Fidèle
CLIENT-3457,2023-12-19,3,217.8,2023-04-20,72.60000000000001,3,12,243,4,4,3,11,VIP
CLIENT-3458,2023-10-23,1,165.0,2023-10-23,165.0,1,69,0,3,3,3,9,Fidèle
CLIENT-3460,2023-07-13,1,102.0,2023-07-13,102.0,1,171,0,2,3,2,7,À risque
CLIENT-3461,2023-04-06,1,108.0,2023-04-06,108.0,1,269,0,1,3,3,7,Fidèle
CLIENT-3462,2023-06-22,2,45.3,2023-03-19,22.65,2,192,95,2,4,2,8,À risque
CLIENT-3464,2023-12-11,1,85.5,2023-12-11,85.5,1,20,0,4,3,2,9,Occasionnel
CLIENT-3466,2023-12-17,3,1153.0,2023-06-03,384.3333333333333,3,14,197,4,4,4,12,VIP
CLIENT-3467,2023-01-30,1,450.0,2023-01-30,450.0,1,335,0,1,3,4,8,Fidèle
CLIENT-3468,2023-11-04,1,620.0,2023-11-04,620.0,1,57,0,4,3,4,11,VIP
CLIENT-3469,2023-12-06,1,1147.5,2023-12-06,1147.5,1,25,0,4,3,4,11,VIP
CLIENT-3470,2023-01-12,1,16.2,2023-01-12,16.2,1,353,0,1,3,1,5,À risque
CLIENT-3472,2023-11-20,1,22.0,2023-11-20,22.0,1,41,0,4,3,1,8,Occasionnel
CLIENT-3474,2023-06-10,1,25.0,2023-06-10,25.0,1,204,0,2,3,1,6,À risque
CLIENT-3477,2023-02-18,1,45.0,2023-02-18,45.0,1,316,0,1,3,2,6,À risque
CLIENT-3482,2023-06-23,2,64.0,2023-03-27,32.0,2,191,88,2,4,2,8,À risque
CLIENT-3483,2023-06-06,1,55.0,2023-06-06,55.0,1,208,0,2,3,2,7,À risque
CLIENT-3485,2023-08-04,1,96.0,2023-08-04,96.0,1,149,0,2,3,2,7,À risque
CLIENT-3488,2023-07-20,1,242.25,2023-07-20,242.25,1,164,0,2,3,3,8,Fidèle
CLIENT-3489,2023-07-29,1,121.5,2023-07-29,121.5,1,155,0,2,3,3,8,Fidèle
CLIENT-3490,2023-08-31,2,121.5,2023-04-26,60.75,1,122,127,3,4,3,10,VIP
CLIENT-3493,2023-12-02,2,1301.2,2023-07-20,650.6,2,29,135,4,4,4,12,VIP
CLIENT-3494,2023-03-17,1,280.0,2023-03-17,280.0,1,289,0,1,3,3,7,Fidèle
CLIENT-3497,2023-01-17,1,7.6,2023-01-17,7.6,1,348,0,1,3,1,5,À risque
CLIENT-3499,2023-01-15,1,380.0,2023-01-15,380.0,1,350,0,1,3,3,7,Fidèle
CLIENT-3500,2023-10-28,2,668.0,2023-09-20,334.0,2,64,38,4,4,4,12,VIP
